cell,gRNA,UMI_counts
TAP1-AAACCTGGTACACCGC,CROPseq_dCas9_DS_CCNE2_+_95907328.23-P1P2,51
TAP1-AAAGCAACATCGGTTA,CROPseq_dCas9_DS_CCNE2_+_95907328.23-P1P2,65
TAP1-AAATGCCGTATAGGGC,CROPseq_dCas9_DS_CCNE2_+_95907328.23-P1P2,65
TAP1-ACAGCTAAGTGACATA,CROPseq_dCas9_DS_CCNE2_+_95907328.23-P1P2,77
TAP1-ACCAGTACAGCCTTGG,CROPseq_dCas9_DS_CCNE2_+_95907328.23-P1P2,69
TAP1-ACGAGCCCAGGACGTA,CROPseq_dCas9_DS_CCNE2_+_95907328.23-P1P2,49
TAP1-ACGATGTTCCGCAAGC,CROPseq_dCas9_DS_CCNE2_+_95907328.23-P1P2,65
TAP1-ACGCCGAGTACAAGTA,CROPseq_dCas9_DS_CCNE2_+_95907328.23-P1P2,25
TAP1-ACGCCGAGTGTGTGCC,CROPseq_dCas9_DS_CCNE2_+_95907328.23-P1P2,115
TAP1-ACGTCAAAGCCAGTAG,CROPseq_dCas9_DS_CCNE2_+_95907328.23-P1P2,23
TAP1-ACTGCTCGTGAAATCA,CROPseq_dCas9_DS_CCNE2_+_95907328.23-P1P2,69
TAP1-ACTGTCCAGATCCGAG,CROPseq_dCas9_DS_CCNE2_+_95907328.23-P1P2,40
TAP1-AGAGTGGCACCAACCG,CROPseq_dCas9_DS_CCNE2_+_95907328.23-P1P2,58
TAP1-AGGCCGTAGCTACCTA,CROPseq_dCas9_DS_CCNE2_+_95907328.23-P1P2,26
TAP1-AGGCCGTCAATAGCGG,CROPseq_dCas9_DS_CCNE2_+_95907328.23-P1P2,32
TAP1-AGGCCGTTCGACGGAA,CROPseq_dCas9_DS_CCNE2_+_95907328.23-P1P2,65
TAP1-AGTGTCACAGCCACCA,CROPseq_dCas9_DS_CCNE2_+_95907328.23-P1P2,44
TAP1-ATAACGCTCCCTTGTG,CROPseq_dCas9_DS_CCNE2_+_95907328.23-P1P2,59
TAP1-ATAAGAGGTGCATCTA,CROPseq_dCas9_DS_CCNE2_+_95907328.23-P1P2,91
TAP1-CAACTAGCAGTAGAGC,CROPseq_dCas9_DS_CCNE2_+_95907328.23-P1P2,49
TAP1-CACATTTCACACCGCA,CROPseq_dCas9_DS_CCNE2_+_95907328.23-P1P2,16
TAP1-CACCAGGCAACGATCT,CROPseq_dCas9_DS_CCNE2_+_95907328.23-P1P2,86
TAP1-CACCTTGGTAGCCTCG,CROPseq_dCas9_DS_CCNE2_+_95907328.23-P1P2,31
TAP1-CACTCCATCCTGCAGG,CROPseq_dCas9_DS_CCNE2_+_95907328.23-P1P2,52
TAP1-CAGAATCGTGTAATGA,CROPseq_dCas9_DS_CCNE2_+_95907328.23-P1P2,24
TAP1-CAGCCGAGTGAGGGTT,CROPseq_dCas9_DS_CCNE2_+_95907328.23-P1P2,39
TAP1-CAGCTAAGTCACTGGC,CROPseq_dCas9_DS_CCNE2_+_95907328.23-P1P2,70
TAP1-CAGTAACGTCTGCCAG,CROPseq_dCas9_DS_CCNE2_+_95907328.23-P1P2,49
TAP1-CAGTAACTCTCGCTTG,CROPseq_dCas9_DS_CCNE2_+_95907328.23-P1P2,62
TAP1-CATTATCCACAGACTT,CROPseq_dCas9_DS_CCNE2_+_95907328.23-P1P2,71
TAP1-CCAGCGACAGCTCGAC,CROPseq_dCas9_DS_CCNE2_+_95907328.23-P1P2,34
TAP1-CCTACACTCATTGCCC,CROPseq_dCas9_DS_CCNE2_+_95907328.23-P1P2,54
TAP1-CCTACCATCGGAAATA,CROPseq_dCas9_DS_CCNE2_+_95907328.23-P1P2,45
TAP1-CCTATTAAGTTTCCTT,CROPseq_dCas9_DS_CCNE2_+_95907328.23-P1P2,40
TAP1-CGATGGCTCTGAGGGA,CROPseq_dCas9_DS_CCNE2_+_95907328.23-P1P2,37
TAP1-CGGAGCTGTAAATGAC,CROPseq_dCas9_DS_CCNE2_+_95907328.23-P1P2,61
TAP1-CGTTAGATCTATCCTA,CROPseq_dCas9_DS_CCNE2_+_95907328.23-P1P2,49
TAP1-CTCATTAGTCCGAAGA,CROPseq_dCas9_DS_CCNE2_+_95907328.23-P1P2,97
TAP1-CTGTGCTCAAGCGTAG,CROPseq_dCas9_DS_CCNE2_+_95907328.23-P1P2,49
TAP1-CTTACCGTCGGGAGTA,CROPseq_dCas9_DS_CCNE2_+_95907328.23-P1P2,70
TAP1-GACACGCGTCAATACC,CROPseq_dCas9_DS_CCNE2_+_95907328.23-P1P2,16
TAP1-GACGTGCCACAACTGT,CROPseq_dCas9_DS_CCNE2_+_95907328.23-P1P2,57
TAP1-GACTAACGTTGTCGCG,CROPseq_dCas9_DS_CCNE2_+_95907328.23-P1P2,79
TAP1-GACTAACTCTCTAGGA,CROPseq_dCas9_DS_CCNE2_+_95907328.23-P1P2,107
TAP1-GATCGATAGCTAGCCC,CROPseq_dCas9_DS_CCNE2_+_95907328.23-P1P2,50
TAP1-GCATGTATCAGTACGT,CROPseq_dCas9_DS_CCNE2_+_95907328.23-P1P2,67
TAP1-GCGCAACCAGAGTGTG,CROPseq_dCas9_DS_CCNE2_+_95907328.23-P1P2,33
TAP1-GCTTCCAAGTGATCGG,CROPseq_dCas9_DS_CCNE2_+_95907328.23-P1P2,74
TAP1-GGACAGATCTAACTTC,CROPseq_dCas9_DS_CCNE2_+_95907328.23-P1P2,49
TAP1-GGGTTGCAGAAGATTC,CROPseq_dCas9_DS_CCNE2_+_95907328.23-P1P2,56
TAP1-GGTGCGTAGAGGGCTT,CROPseq_dCas9_DS_CCNE2_+_95907328.23-P1P2,64
TAP1-GTCACGGCAATAGAGT,CROPseq_dCas9_DS_CCNE2_+_95907328.23-P1P2,31
TAP1-GTCGGGTTCAACACGT,CROPseq_dCas9_DS_CCNE2_+_95907328.23-P1P2,42
TAP1-GTGCTTCTCTCTAAGG,CROPseq_dCas9_DS_CCNE2_+_95907328.23-P1P2,35
TAP1-TACAGTGAGACAAGCC,CROPseq_dCas9_DS_CCNE2_+_95907328.23-P1P2,69
TAP1-TACCTATAGACAGACC,CROPseq_dCas9_DS_CCNE2_+_95907328.23-P1P2,54
TAP1-TACGGTAAGCGTAGTG,CROPseq_dCas9_DS_CCNE2_+_95907328.23-P1P2,37
TAP1-TATGCCCTCTCAACTT,CROPseq_dCas9_DS_CCNE2_+_95907328.23-P1P2,41
TAP1-TCAACGAAGTATCGAA,CROPseq_dCas9_DS_CCNE2_+_95907328.23-P1P2,22
TAP1-TCAATCTAGAATCTCC,CROPseq_dCas9_DS_CCNE2_+_95907328.23-P1P2,28
TAP1-TCAGATGGTGTGAAAT,CROPseq_dCas9_DS_CCNE2_+_95907328.23-P1P2,43
TAP1-TCAGGATCATTCCTGC,CROPseq_dCas9_DS_CCNE2_+_95907328.23-P1P2,29
TAP1-TCCCGATTCCCACTTG,CROPseq_dCas9_DS_CCNE2_+_95907328.23-P1P2,46
TAP1-TCGTACCAGTGTACTC,CROPseq_dCas9_DS_CCNE2_+_95907328.23-P1P2,51
TAP1-TCTCATATCAATCACG,CROPseq_dCas9_DS_CCNE2_+_95907328.23-P1P2,51
TAP1-TGAGGGATCCTAGAAC,CROPseq_dCas9_DS_CCNE2_+_95907328.23-P1P2,60
TAP1-TTAACTCAGATACACA,CROPseq_dCas9_DS_CCNE2_+_95907328.23-P1P2,37
TAP1-TTATGCTTCGTAGGAG,CROPseq_dCas9_DS_CCNE2_+_95907328.23-P1P2,41
TAP1-TTCCCAGAGATGCGAC,CROPseq_dCas9_DS_CCNE2_+_95907328.23-P1P2,79
TAP1-TTTATGCTCATCGCTC,CROPseq_dCas9_DS_CCNE2_+_95907328.23-P1P2,57
TAP2-AACGTTGCAGTCAGCC,CROPseq_dCas9_DS_CCNE2_+_95907328.23-P1P2,133
TAP2-AAGGAGCAGCCACGTC,CROPseq_dCas9_DS_CCNE2_+_95907328.23-P1P2,122
TAP2-AAGGTTCCAAGTAATG,CROPseq_dCas9_DS_CCNE2_+_95907328.23-P1P2,158
TAP2-AAGTCTGTCGTCGTTC,CROPseq_dCas9_DS_CCNE2_+_95907328.23-P1P2,90
TAP2-AATCCAGGTCCGAGTC,CROPseq_dCas9_DS_CCNE2_+_95907328.23-P1P2,197
TAP2-ACACCAATCTGCTTGC,CROPseq_dCas9_DS_CCNE2_+_95907328.23-P1P2,198
TAP2-ACATACGCAAAGGAAG,CROPseq_dCas9_DS_CCNE2_+_95907328.23-P1P2,36
TAP2-ACATGGTTCGACGGAA,CROPseq_dCas9_DS_CCNE2_+_95907328.23-P1P2,152
TAP2-ACGGAGACACCCAGTG,CROPseq_dCas9_DS_CCNE2_+_95907328.23-P1P2,47
TAP2-ACTTGTTAGATGTGTA,CROPseq_dCas9_DS_CCNE2_+_95907328.23-P1P2,153
TAP2-AGATTGCCAGCTGGCT,CROPseq_dCas9_DS_CCNE2_+_95907328.23-P1P2,46
TAP2-ATCCACCAGGCCATAG,CROPseq_dCas9_DS_CCNE2_+_95907328.23-P1P2,52
TAP2-ATCTACTCACAGCGTC,CROPseq_dCas9_DS_CCNE2_+_95907328.23-P1P2,128
TAP2-ATTCTACGTCGCATCG,CROPseq_dCas9_DS_CCNE2_+_95907328.23-P1P2,46
TAP2-ATTGGTGGTCTAGGTT,CROPseq_dCas9_DS_CCNE2_+_95907328.23-P1P2,190
TAP2-ATTTCTGGTCCTGCTT,CROPseq_dCas9_DS_CCNE2_+_95907328.23-P1P2,13
TAP2-CAAGAAAGTGTGACCC,CROPseq_dCas9_DS_CCNE2_+_95907328.23-P1P2,76
TAP2-CACAAACTCGTCGTTC,CROPseq_dCas9_DS_CCNE2_+_95907328.23-P1P2,43
TAP2-CACACAATCAACGCTA,CROPseq_dCas9_DS_CCNE2_+_95907328.23-P1P2,160
TAP2-CACACAATCGCGGATC,CROPseq_dCas9_DS_CCNE2_+_95907328.23-P1P2,37
TAP2-CACAGTAGTCAAGCGA,CROPseq_dCas9_DS_CCNE2_+_95907328.23-P1P2,104
TAP2-CACATAGCATAGTAAG,CROPseq_dCas9_DS_CCNE2_+_95907328.23-P1P2,68
TAP2-CACCTTGCAGGAATCG,CROPseq_dCas9_DS_CCNE2_+_95907328.23-P1P2,97
TAP2-CAGCATAGTGCCTGCA,CROPseq_dCas9_DS_CCNE2_+_95907328.23-P1P2,47
TAP2-CAGTCCTCACGAAAGC,CROPseq_dCas9_DS_CCNE2_+_95907328.23-P1P2,105
TAP2-CCGTACTAGTGTTTGC,CROPseq_dCas9_DS_CCNE2_+_95907328.23-P1P2,90
TAP2-CGGACGTGTACTTGAC,CROPseq_dCas9_DS_CCNE2_+_95907328.23-P1P2,12
TAP2-CGGACTGCACTCGACG,CROPseq_dCas9_DS_CCNE2_+_95907328.23-P1P2,79
TAP2-CTCGAGGAGTAGGCCA,CROPseq_dCas9_DS_CCNE2_+_95907328.23-P1P2,21
TAP2-CTCTGGTCAGCTATTG,CROPseq_dCas9_DS_CCNE2_+_95907328.23-P1P2,127
TAP2-CTGAAACTCCAAAGTC,CROPseq_dCas9_DS_CCNE2_+_95907328.23-P1P2,113
TAP2-CTGAAGTTCGGATGGA,CROPseq_dCas9_DS_CCNE2_+_95907328.23-P1P2,78
TAP2-CTGCCTAGTAATAGCA,CROPseq_dCas9_DS_CCNE2_+_95907328.23-P1P2,165
TAP2-CTTAGGACAATGAATG,CROPseq_dCas9_DS_CCNE2_+_95907328.23-P1P2,38
TAP2-CTTCTCTGTGCACTTA,CROPseq_dCas9_DS_CCNE2_+_95907328.23-P1P2,110
TAP2-CTTTGCGAGTTGTCGT,CROPseq_dCas9_DS_CCNE2_+_95907328.23-P1P2,56
TAP2-GACACGCCAGACACTT,CROPseq_dCas9_DS_CCNE2_+_95907328.23-P1P2,161
TAP2-GACTACACAGTCTTCC,CROPseq_dCas9_DS_CCNE2_+_95907328.23-P1P2,146
TAP2-GAGCAGAAGGTGACCA,CROPseq_dCas9_DS_CCNE2_+_95907328.23-P1P2,77
TAP2-GAGCAGATCGCGTTTC,CROPseq_dCas9_DS_CCNE2_+_95907328.23-P1P2,137
TAP2-GATCGATGTCGAAAGC,CROPseq_dCas9_DS_CCNE2_+_95907328.23-P1P2,64
TAP2-GATCTAGTCCGTTGTC,CROPseq_dCas9_DS_CCNE2_+_95907328.23-P1P2,70
TAP2-GCATGATGTTCAGGCC,CROPseq_dCas9_DS_CCNE2_+_95907328.23-P1P2,30
TAP2-GCCAAATTCCCAACGG,CROPseq_dCas9_DS_CCNE2_+_95907328.23-P1P2,69
TAP2-GCGCAGTCATGCAATC,CROPseq_dCas9_DS_CCNE2_+_95907328.23-P1P2,88
TAP2-GCTTCCAGTTAAGGGC,CROPseq_dCas9_DS_CCNE2_+_95907328.23-P1P2,88
TAP2-GGAACTTAGTCCTCCT,CROPseq_dCas9_DS_CCNE2_+_95907328.23-P1P2,102
TAP2-GGACGTCGTCCGAATT,CROPseq_dCas9_DS_CCNE2_+_95907328.23-P1P2,35
TAP2-GGCTCGATCGCTGATA,CROPseq_dCas9_DS_CCNE2_+_95907328.23-P1P2,72
TAP2-GGGATGATCGGAATCT,CROPseq_dCas9_DS_CCNE2_+_95907328.23-P1P2,122
TAP2-GGGTCTGAGAAACCTA,CROPseq_dCas9_DS_CCNE2_+_95907328.23-P1P2,81
TAP2-GGGTCTGAGCCTATGT,CROPseq_dCas9_DS_CCNE2_+_95907328.23-P1P2,58
TAP2-GTACTCCCAAGTTGTC,CROPseq_dCas9_DS_CCNE2_+_95907328.23-P1P2,97
TAP2-GTATTCTTCACGCATA,CROPseq_dCas9_DS_CCNE2_+_95907328.23-P1P2,48
TAP2-GTGTTAGAGGGCTCTC,CROPseq_dCas9_DS_CCNE2_+_95907328.23-P1P2,120
TAP2-TAAACCGGTTACGTCA,CROPseq_dCas9_DS_CCNE2_+_95907328.23-P1P2,97
TAP2-TACACGAGTTAGGGTG,CROPseq_dCas9_DS_CCNE2_+_95907328.23-P1P2,43
TAP2-TACGGTACACGAAAGC,CROPseq_dCas9_DS_CCNE2_+_95907328.23-P1P2,192
TAP2-TACTTACGTGCAACTT,CROPseq_dCas9_DS_CCNE2_+_95907328.23-P1P2,40
TAP2-TCACAAGTCCGTTGTC,CROPseq_dCas9_DS_CCNE2_+_95907328.23-P1P2,41
TAP2-TCGCGTTAGACGACGT,CROPseq_dCas9_DS_CCNE2_+_95907328.23-P1P2,43
TAP2-TCGCGTTCATCAGTCA,CROPseq_dCas9_DS_CCNE2_+_95907328.23-P1P2,96
TAP2-TCTCATACAATGGTCT,CROPseq_dCas9_DS_CCNE2_+_95907328.23-P1P2,130
TAP2-TGAGGGAGTAAGTGTA,CROPseq_dCas9_DS_CCNE2_+_95907328.23-P1P2,140
TAP2-TGCCCTAAGTGGTAGC,CROPseq_dCas9_DS_CCNE2_+_95907328.23-P1P2,115
TAP2-TGCGCAGCAGGGTACA,CROPseq_dCas9_DS_CCNE2_+_95907328.23-P1P2,36
TAP2-TGCGGGTTCAACGAAA,CROPseq_dCas9_DS_CCNE2_+_95907328.23-P1P2,27
TAP2-TGTATTCAGCGGCTTC,CROPseq_dCas9_DS_CCNE2_+_95907328.23-P1P2,75
TAP2-TGTCCCACACCAGGTC,CROPseq_dCas9_DS_CCNE2_+_95907328.23-P1P2,104
TAP2-TTCTCCTCACCTCGGA,CROPseq_dCas9_DS_CCNE2_+_95907328.23-P1P2,93
TAP2-TTCTTAGGTTACAGAA,CROPseq_dCas9_DS_CCNE2_+_95907328.23-P1P2,67
TAP2-TTTACTGGTGAAATCA,CROPseq_dCas9_DS_CCNE2_+_95907328.23-P1P2,118
TAP1-AAATGCCCAGATTGCT,CROPseq_dCas9_DS_CCNE2_+_95907382.23-P1P2,79
TAP1-AACGTTGCAAACGCGA,CROPseq_dCas9_DS_CCNE2_+_95907382.23-P1P2,52
TAP1-AAGACCTGTAGCCTCG,CROPseq_dCas9_DS_CCNE2_+_95907382.23-P1P2,31
TAP1-AAGACCTTCCTTCAAT,CROPseq_dCas9_DS_CCNE2_+_95907382.23-P1P2,31
TAP1-AAGGCAGGTTCGAATC,CROPseq_dCas9_DS_CCNE2_+_95907382.23-P1P2,65
TAP1-AAGGTTCCAGCGTTCG,CROPseq_dCas9_DS_CCNE2_+_95907382.23-P1P2,60
TAP1-AAGTCTGAGTGCAAGC,CROPseq_dCas9_DS_CCNE2_+_95907382.23-P1P2,56
TAP1-ACACCCTCAACAACCT,CROPseq_dCas9_DS_CCNE2_+_95907382.23-P1P2,18
TAP1-ACACCGGCAGCTGTAT,CROPseq_dCas9_DS_CCNE2_+_95907382.23-P1P2,97
TAP1-ACATGGTCAAAGTCAA,CROPseq_dCas9_DS_CCNE2_+_95907382.23-P1P2,9
TAP1-ACCTTTACAGTCTTCC,CROPseq_dCas9_DS_CCNE2_+_95907382.23-P1P2,50
TAP1-ACGAGCCAGTGCCAGA,CROPseq_dCas9_DS_CCNE2_+_95907382.23-P1P2,67
TAP1-ACGAGGAAGCAGGTCA,CROPseq_dCas9_DS_CCNE2_+_95907382.23-P1P2,63
TAP1-ACGGAGAAGGTGATAT,CROPseq_dCas9_DS_CCNE2_+_95907382.23-P1P2,71
TAP1-ACGGGTCCACAGATTC,CROPseq_dCas9_DS_CCNE2_+_95907382.23-P1P2,22
TAP1-ACGTCAACATGGTCTA,CROPseq_dCas9_DS_CCNE2_+_95907382.23-P1P2,83
TAP1-ACTGAACCACCAGGCT,CROPseq_dCas9_DS_CCNE2_+_95907382.23-P1P2,11
TAP1-ACTGATGAGAGCAATT,CROPseq_dCas9_DS_CCNE2_+_95907382.23-P1P2,64
TAP1-ACTGATGTCTGTCTCG,CROPseq_dCas9_DS_CCNE2_+_95907382.23-P1P2,38
TAP1-ACTGTCCGTAAGTTCC,CROPseq_dCas9_DS_CCNE2_+_95907382.23-P1P2,41
TAP1-ACTTACTTCAAAGACA,CROPseq_dCas9_DS_CCNE2_+_95907382.23-P1P2,27
TAP1-AGAGTGGCAGGAACGT,CROPseq_dCas9_DS_CCNE2_+_95907382.23-P1P2,25
TAP1-AGCAGCCAGTACGCGA,CROPseq_dCas9_DS_CCNE2_+_95907382.23-P1P2,47
TAP1-AGCGTATAGGGCTTGA,CROPseq_dCas9_DS_CCNE2_+_95907382.23-P1P2,39
TAP1-AGCGTATAGTTACGGG,CROPseq_dCas9_DS_CCNE2_+_95907382.23-P1P2,64
TAP1-AGCTCCTGTATGGTTC,CROPseq_dCas9_DS_CCNE2_+_95907382.23-P1P2,35
TAP1-AGGCCACTCCATGAAC,CROPseq_dCas9_DS_CCNE2_+_95907382.23-P1P2,54
TAP1-AGGGTGAGTCTAAACC,CROPseq_dCas9_DS_CCNE2_+_95907382.23-P1P2,41
TAP1-ATCATGGGTTCGCTAA,CROPseq_dCas9_DS_CCNE2_+_95907382.23-P1P2,42
TAP1-ATCGAGTCACATAACC,CROPseq_dCas9_DS_CCNE2_+_95907382.23-P1P2,52
TAP1-ATGGGAGAGAGAACAG,CROPseq_dCas9_DS_CCNE2_+_95907382.23-P1P2,82
TAP1-CAAGAAAGTGCATCTA,CROPseq_dCas9_DS_CCNE2_+_95907382.23-P1P2,71
TAP1-CAAGTTGAGACTACAA,CROPseq_dCas9_DS_CCNE2_+_95907382.23-P1P2,42
TAP1-CAAGTTGTCGTCTGAA,CROPseq_dCas9_DS_CCNE2_+_95907382.23-P1P2,27
TAP1-CAGAATCGTATAAACG,CROPseq_dCas9_DS_CCNE2_+_95907382.23-P1P2,58
TAP1-CAGCAGCAGATGTAAC,CROPseq_dCas9_DS_CCNE2_+_95907382.23-P1P2,132
TAP1-CAGCAGCAGTCTCCTC,CROPseq_dCas9_DS_CCNE2_+_95907382.23-P1P2,19
TAP1-CAGCCGAAGACGACGT,CROPseq_dCas9_DS_CCNE2_+_95907382.23-P1P2,14
TAP1-CATCAAGCAAGCTGAG,CROPseq_dCas9_DS_CCNE2_+_95907382.23-P1P2,43
TAP1-CATCCACGTTATCGGT,CROPseq_dCas9_DS_CCNE2_+_95907382.23-P1P2,44
TAP1-CATCGGGGTCGAATCT,CROPseq_dCas9_DS_CCNE2_+_95907382.23-P1P2,83
TAP1-CATGACAGTCGGCTCA,CROPseq_dCas9_DS_CCNE2_+_95907382.23-P1P2,19
TAP1-CATTATCAGTTTGCGT,CROPseq_dCas9_DS_CCNE2_+_95907382.23-P1P2,31
TAP1-CATTCGCCATCCGTGG,CROPseq_dCas9_DS_CCNE2_+_95907382.23-P1P2,66
TAP1-CATTCGCCATTTCACT,CROPseq_dCas9_DS_CCNE2_+_95907382.23-P1P2,27
TAP1-CCAATCCGTGATGTCT,CROPseq_dCas9_DS_CCNE2_+_95907382.23-P1P2,63
TAP1-CCACCTACAGTGAGTG,CROPseq_dCas9_DS_CCNE2_+_95907382.23-P1P2,50
TAP1-CCACCTATCAGTGCAT,CROPseq_dCas9_DS_CCNE2_+_95907382.23-P1P2,60
TAP1-CCACGGAAGACAAGCC,CROPseq_dCas9_DS_CCNE2_+_95907382.23-P1P2,61
TAP1-CCCAATCAGTCCTCCT,CROPseq_dCas9_DS_CCNE2_+_95907382.23-P1P2,22
TAP1-CCCAGTTTCATAACCG,CROPseq_dCas9_DS_CCNE2_+_95907382.23-P1P2,43
TAP1-CCCATACAGTTATCGC,CROPseq_dCas9_DS_CCNE2_+_95907382.23-P1P2,95
TAP1-CCGGGATTCAACTCTT,CROPseq_dCas9_DS_CCNE2_+_95907382.23-P1P2,60
TAP1-CCGGTAGCACAGAGGT,CROPseq_dCas9_DS_CCNE2_+_95907382.23-P1P2,40
TAP1-CCTACACGTATGGTTC,CROPseq_dCas9_DS_CCNE2_+_95907382.23-P1P2,99
TAP1-CCTAGCTAGATCGATA,CROPseq_dCas9_DS_CCNE2_+_95907382.23-P1P2,27
TAP1-CCTTCCCTCCAAATGC,CROPseq_dCas9_DS_CCNE2_+_95907382.23-P1P2,73
TAP1-CCTTTCTTCAGTCAGT,CROPseq_dCas9_DS_CCNE2_+_95907382.23-P1P2,45
TAP1-CCTTTCTTCCATGAAC,CROPseq_dCas9_DS_CCNE2_+_95907382.23-P1P2,51
TAP1-CGAACATAGTCAAGCG,CROPseq_dCas9_DS_CCNE2_+_95907382.23-P1P2,47
TAP1-CGAACATGTTAAAGAC,CROPseq_dCas9_DS_CCNE2_+_95907382.23-P1P2,54
TAP1-CGAGCACAGGGCTTCC,CROPseq_dCas9_DS_CCNE2_+_95907382.23-P1P2,88
TAP1-CGAGCCAGTCCGACGT,CROPseq_dCas9_DS_CCNE2_+_95907382.23-P1P2,38
TAP1-CGATCGGAGTGTCCAT,CROPseq_dCas9_DS_CCNE2_+_95907382.23-P1P2,23
TAP1-CGCGTTTAGGCCGAAT,CROPseq_dCas9_DS_CCNE2_+_95907382.23-P1P2,28
TAP1-CGCTATCGTACACCGC,CROPseq_dCas9_DS_CCNE2_+_95907382.23-P1P2,18
TAP1-CGCTGGATCGCAAGCC,CROPseq_dCas9_DS_CCNE2_+_95907382.23-P1P2,60
TAP1-CGCTTCAGTAGGACAC,CROPseq_dCas9_DS_CCNE2_+_95907382.23-P1P2,97
TAP1-CGGAGCTTCGCTAGCG,CROPseq_dCas9_DS_CCNE2_+_95907382.23-P1P2,7
TAP1-CGGAGTCCAGTATGCT,CROPseq_dCas9_DS_CCNE2_+_95907382.23-P1P2,21
TAP1-CGGAGTCTCTCCAGGG,CROPseq_dCas9_DS_CCNE2_+_95907382.23-P1P2,26
TAP1-CGTCTACGTCATATGC,CROPseq_dCas9_DS_CCNE2_+_95907382.23-P1P2,18
TAP1-CGTGAGCAGGAATGGA,CROPseq_dCas9_DS_CCNE2_+_95907382.23-P1P2,69
TAP1-CGTGTCTGTGTGGCTC,CROPseq_dCas9_DS_CCNE2_+_95907382.23-P1P2,40
TAP1-CGTGTCTTCGCACTCT,CROPseq_dCas9_DS_CCNE2_+_95907382.23-P1P2,91
TAP1-CGTTAGATCGTGGACC,CROPseq_dCas9_DS_CCNE2_+_95907382.23-P1P2,65
TAP1-CTACACCGTTCTCATT,CROPseq_dCas9_DS_CCNE2_+_95907382.23-P1P2,48
TAP1-CTACCCACACACAGAG,CROPseq_dCas9_DS_CCNE2_+_95907382.23-P1P2,23
TAP1-CTCCTAGTCGACGGAA,CROPseq_dCas9_DS_CCNE2_+_95907382.23-P1P2,36
TAP1-CTCGGGAAGGAGTCTG,CROPseq_dCas9_DS_CCNE2_+_95907382.23-P1P2,58
TAP1-CTCGTACGTTACGGAG,CROPseq_dCas9_DS_CCNE2_+_95907382.23-P1P2,50
TAP1-CTCGTCAAGCCTATGT,CROPseq_dCas9_DS_CCNE2_+_95907382.23-P1P2,59
TAP1-CTCTAATTCAAAGACA,CROPseq_dCas9_DS_CCNE2_+_95907382.23-P1P2,56
TAP1-CTGATAGCACGCTTTC,CROPseq_dCas9_DS_CCNE2_+_95907382.23-P1P2,93
TAP1-CTGATAGTCCCTCTTT,CROPseq_dCas9_DS_CCNE2_+_95907382.23-P1P2,51
TAP1-CTGATCCGTCCTCTTG,CROPseq_dCas9_DS_CCNE2_+_95907382.23-P1P2,16
TAP1-GAAACTCAGATCCGAG,CROPseq_dCas9_DS_CCNE2_+_95907382.23-P1P2,88
TAP1-GAAGCAGAGGCGTACA,CROPseq_dCas9_DS_CCNE2_+_95907382.23-P1P2,29
TAP1-GAAGCAGCATGCATGT,CROPseq_dCas9_DS_CCNE2_+_95907382.23-P1P2,51
TAP1-GATCGCGAGGTGACCA,CROPseq_dCas9_DS_CCNE2_+_95907382.23-P1P2,47
TAP1-GATGCTACACCATGTA,CROPseq_dCas9_DS_CCNE2_+_95907382.23-P1P2,125
TAP1-GATTCAGAGATCCTGT,CROPseq_dCas9_DS_CCNE2_+_95907382.23-P1P2,83
TAP1-GATTCAGCATCCGTGG,CROPseq_dCas9_DS_CCNE2_+_95907382.23-P1P2,40
TAP1-GCAATCACATAGAAAC,CROPseq_dCas9_DS_CCNE2_+_95907382.23-P1P2,65
TAP1-GCACATAGTGACCAAG,CROPseq_dCas9_DS_CCNE2_+_95907382.23-P1P2,44
TAP1-GCAGTTAGTATAGGGC,CROPseq_dCas9_DS_CCNE2_+_95907382.23-P1P2,102
TAP1-GCATACAGTTAGATGA,CROPseq_dCas9_DS_CCNE2_+_95907382.23-P1P2,69
TAP1-GCGAGAATCAGGTTCA,CROPseq_dCas9_DS_CCNE2_+_95907382.23-P1P2,67
TAP1-GCTCCTATCGTTGCCT,CROPseq_dCas9_DS_CCNE2_+_95907382.23-P1P2,79
TAP1-GCTTCCAGTCCTAGCG,CROPseq_dCas9_DS_CCNE2_+_95907382.23-P1P2,46
TAP1-GGAACTTCAGACACTT,CROPseq_dCas9_DS_CCNE2_+_95907382.23-P1P2,64
TAP1-GGACAGACAGTAACGG,CROPseq_dCas9_DS_CCNE2_+_95907382.23-P1P2,125
TAP1-GGACAGACAGTTCCCT,CROPseq_dCas9_DS_CCNE2_+_95907382.23-P1P2,63
TAP1-GGACAGAGTCTGCGGT,CROPseq_dCas9_DS_CCNE2_+_95907382.23-P1P2,97
TAP1-GGACATTCACAGAGGT,CROPseq_dCas9_DS_CCNE2_+_95907382.23-P1P2,59
TAP1-GGACATTTCGTGGACC,CROPseq_dCas9_DS_CCNE2_+_95907382.23-P1P2,63
TAP1-GGATGTTCACGCATCG,CROPseq_dCas9_DS_CCNE2_+_95907382.23-P1P2,37
TAP1-GGCGACTGTAATAGCA,CROPseq_dCas9_DS_CCNE2_+_95907382.23-P1P2,64
TAP1-GGCGTGTGTGTCAATC,CROPseq_dCas9_DS_CCNE2_+_95907382.23-P1P2,91
TAP1-GGGACCTCAACGATCT,CROPseq_dCas9_DS_CCNE2_+_95907382.23-P1P2,52
TAP1-GGGAGATGTACCGAGA,CROPseq_dCas9_DS_CCNE2_+_95907382.23-P1P2,87
TAP1-GGGTCTGAGCGCCTTG,CROPseq_dCas9_DS_CCNE2_+_95907382.23-P1P2,30
TAP1-GGTATTGCAGACGCTC,CROPseq_dCas9_DS_CCNE2_+_95907382.23-P1P2,7
TAP1-GGTGTTAAGACTTTCG,CROPseq_dCas9_DS_CCNE2_+_95907382.23-P1P2,46
TAP1-GTAACTGCATATGCTG,CROPseq_dCas9_DS_CCNE2_+_95907382.23-P1P2,12
TAP1-GTACGTATCTACGAGT,CROPseq_dCas9_DS_CCNE2_+_95907382.23-P1P2,48
TAP1-GTCACGGCAGTTCATG,CROPseq_dCas9_DS_CCNE2_+_95907382.23-P1P2,66
TAP1-GTCACGGTCTCACATT,CROPseq_dCas9_DS_CCNE2_+_95907382.23-P1P2,113
TAP1-GTCATTTTCTCACATT,CROPseq_dCas9_DS_CCNE2_+_95907382.23-P1P2,57
TAP1-GTTACAGCATGCTAGT,CROPseq_dCas9_DS_CCNE2_+_95907382.23-P1P2,66
TAP1-TAAGAGAGTTGTGGCC,CROPseq_dCas9_DS_CCNE2_+_95907382.23-P1P2,33
TAP1-TACAGTGTCCAGATCA,CROPseq_dCas9_DS_CCNE2_+_95907382.23-P1P2,106
TAP1-TACAGTGTCGACAGCC,CROPseq_dCas9_DS_CCNE2_+_95907382.23-P1P2,52
TAP1-TACCTTAAGTTAACGA,CROPseq_dCas9_DS_CCNE2_+_95907382.23-P1P2,176
TAP1-TACTTGTCATGCCTTC,CROPseq_dCas9_DS_CCNE2_+_95907382.23-P1P2,48
TAP1-TAGGCATTCGCCGTGA,CROPseq_dCas9_DS_CCNE2_+_95907382.23-P1P2,37
TAP1-TAGTTGGAGGACAGCT,CROPseq_dCas9_DS_CCNE2_+_95907382.23-P1P2,39
TAP1-TATCAGGTCGCCGTGA,CROPseq_dCas9_DS_CCNE2_+_95907382.23-P1P2,82
TAP1-TATCTCAAGAGCTTCT,CROPseq_dCas9_DS_CCNE2_+_95907382.23-P1P2,101
TAP1-TCACAAGCATTGGGCC,CROPseq_dCas9_DS_CCNE2_+_95907382.23-P1P2,44
TAP1-TCAGATGAGCGCCTTG,CROPseq_dCas9_DS_CCNE2_+_95907382.23-P1P2,49
TAP1-TCAGCTCTCTCGATGA,CROPseq_dCas9_DS_CCNE2_+_95907382.23-P1P2,53
TAP1-TCAGGTAGTCATTAGC,CROPseq_dCas9_DS_CCNE2_+_95907382.23-P1P2,72
TAP1-TCATTACGTACATGTC,CROPseq_dCas9_DS_CCNE2_+_95907382.23-P1P2,112
TAP1-TCGCGTTAGTGGAGTC,CROPseq_dCas9_DS_CCNE2_+_95907382.23-P1P2,24
TAP1-TCTATTGGTGCCTTGG,CROPseq_dCas9_DS_CCNE2_+_95907382.23-P1P2,53
TAP1-TCTGGAACACCAGTTA,CROPseq_dCas9_DS_CCNE2_+_95907382.23-P1P2,115
TAP1-TCTGGAACATGGGACA,CROPseq_dCas9_DS_CCNE2_+_95907382.23-P1P2,13
TAP1-TGACAACTCACTTATC,CROPseq_dCas9_DS_CCNE2_+_95907382.23-P1P2,36
TAP1-TGACAACTCGCAGGCT,CROPseq_dCas9_DS_CCNE2_+_95907382.23-P1P2,92
TAP1-TGAGCATTCTCCAGGG,CROPseq_dCas9_DS_CCNE2_+_95907382.23-P1P2,50
TAP1-TGCCCATAGGTTCCTA,CROPseq_dCas9_DS_CCNE2_+_95907382.23-P1P2,36
TAP1-TGCGGGTAGTGCCATT,CROPseq_dCas9_DS_CCNE2_+_95907382.23-P1P2,38
TAP1-TGGCTGGAGATGGGTC,CROPseq_dCas9_DS_CCNE2_+_95907382.23-P1P2,78
TAP1-TGGCTGGCAGGAATGC,CROPseq_dCas9_DS_CCNE2_+_95907382.23-P1P2,18
TAP1-TGGTTAGTCGGCGCAT,CROPseq_dCas9_DS_CCNE2_+_95907382.23-P1P2,57
TAP1-TGTGTTTCAGGGAGAG,CROPseq_dCas9_DS_CCNE2_+_95907382.23-P1P2,73
TAP1-TTAACTCAGATCGGGT,CROPseq_dCas9_DS_CCNE2_+_95907382.23-P1P2,68
TAP1-TTAGTTCGTGTCAATC,CROPseq_dCas9_DS_CCNE2_+_95907382.23-P1P2,76
TAP1-TTGCGTCCATTCCTGC,CROPseq_dCas9_DS_CCNE2_+_95907382.23-P1P2,58
TAP1-TTTATGCGTCGCTTCT,CROPseq_dCas9_DS_CCNE2_+_95907382.23-P1P2,61
TAP1-TTTGCGCTCTAGAGTC,CROPseq_dCas9_DS_CCNE2_+_95907382.23-P1P2,93
TAP1-TTTGGTTTCGTTGCCT,CROPseq_dCas9_DS_CCNE2_+_95907382.23-P1P2,51
TAP2-AAACCTGTCTGCGGCA,CROPseq_dCas9_DS_CCNE2_+_95907382.23-P1P2,77
TAP2-AACACGTCATCCCACT,CROPseq_dCas9_DS_CCNE2_+_95907382.23-P1P2,137
TAP2-AACTGGTCAGGAATCG,CROPseq_dCas9_DS_CCNE2_+_95907382.23-P1P2,129
TAP2-AAGGTTCAGAATGTTG,CROPseq_dCas9_DS_CCNE2_+_95907382.23-P1P2,44
TAP2-AAGGTTCAGCGAAGGG,CROPseq_dCas9_DS_CCNE2_+_95907382.23-P1P2,40
TAP2-AATCGGTAGGATGTAT,CROPseq_dCas9_DS_CCNE2_+_95907382.23-P1P2,105
TAP2-AATCGGTTCTGGCGAC,CROPseq_dCas9_DS_CCNE2_+_95907382.23-P1P2,59
TAP2-ACACCGGGTTCCCTTG,CROPseq_dCas9_DS_CCNE2_+_95907382.23-P1P2,136
TAP2-ACCAGTATCGGCTTGG,CROPseq_dCas9_DS_CCNE2_+_95907382.23-P1P2,68
TAP2-ACGATACTCAAGGTAA,CROPseq_dCas9_DS_CCNE2_+_95907382.23-P1P2,53
TAP2-ACGCAGCGTTATGTGC,CROPseq_dCas9_DS_CCNE2_+_95907382.23-P1P2,189
TAP2-ACGCAGCGTTCCGTCT,CROPseq_dCas9_DS_CCNE2_+_95907382.23-P1P2,130
TAP2-ACGCAGCGTTGCGCAC,CROPseq_dCas9_DS_CCNE2_+_95907382.23-P1P2,101
TAP2-ACGCCAGAGCAATATG,CROPseq_dCas9_DS_CCNE2_+_95907382.23-P1P2,94
TAP2-ACGCCAGCACATGTGT,CROPseq_dCas9_DS_CCNE2_+_95907382.23-P1P2,36
TAP2-ACGCCGATCGTGGGAA,CROPseq_dCas9_DS_CCNE2_+_95907382.23-P1P2,101
TAP2-ACGGGTCTCAGTTCGA,CROPseq_dCas9_DS_CCNE2_+_95907382.23-P1P2,147
TAP2-ACTATCTGTAGGCATG,CROPseq_dCas9_DS_CCNE2_+_95907382.23-P1P2,169
TAP2-ACTGAGTAGTAGTGCG,CROPseq_dCas9_DS_CCNE2_+_95907382.23-P1P2,137
TAP2-AGATCTGGTCCGAGTC,CROPseq_dCas9_DS_CCNE2_+_95907382.23-P1P2,92
TAP2-AGATTGCAGTCCGGTC,CROPseq_dCas9_DS_CCNE2_+_95907382.23-P1P2,106
TAP2-AGCTCCTCAAAGCAAT,CROPseq_dCas9_DS_CCNE2_+_95907382.23-P1P2,11
TAP2-AGCTCTCCATGCCTTC,CROPseq_dCas9_DS_CCNE2_+_95907382.23-P1P2,43
TAP2-AGGCCGTTCCTTTCGG,CROPseq_dCas9_DS_CCNE2_+_95907382.23-P1P2,166
TAP2-AGTGAGGGTGTGAAAT,CROPseq_dCas9_DS_CCNE2_+_95907382.23-P1P2,150
TAP2-AGTGGGACACTGAAGG,CROPseq_dCas9_DS_CCNE2_+_95907382.23-P1P2,60
TAP2-AGTGGGATCTTGCCGT,CROPseq_dCas9_DS_CCNE2_+_95907382.23-P1P2,39
TAP2-ATAACGCAGGAGTAGA,CROPseq_dCas9_DS_CCNE2_+_95907382.23-P1P2,99
TAP2-ATAGACCTCTAACTTC,CROPseq_dCas9_DS_CCNE2_+_95907382.23-P1P2,137
TAP2-ATCATCTGTGATGATA,CROPseq_dCas9_DS_CCNE2_+_95907382.23-P1P2,101
TAP2-ATCCGAAGTCAACTGT,CROPseq_dCas9_DS_CCNE2_+_95907382.23-P1P2,124
TAP2-ATCTACTGTGCCTGTG,CROPseq_dCas9_DS_CCNE2_+_95907382.23-P1P2,64
TAP2-ATGAGGGCATGCCTAA,CROPseq_dCas9_DS_CCNE2_+_95907382.23-P1P2,46
TAP2-ATGCGATAGATGGCGT,CROPseq_dCas9_DS_CCNE2_+_95907382.23-P1P2,69
TAP2-ATGTGTGAGGCGATAC,CROPseq_dCas9_DS_CCNE2_+_95907382.23-P1P2,89
TAP2-ATTGGACGTAAGAGGA,CROPseq_dCas9_DS_CCNE2_+_95907382.23-P1P2,96
TAP2-ATTGGTGGTGTTGAGG,CROPseq_dCas9_DS_CCNE2_+_95907382.23-P1P2,107
TAP2-ATTTCTGTCGCAAACT,CROPseq_dCas9_DS_CCNE2_+_95907382.23-P1P2,172
TAP2-CAACCTCCAAGCGATG,CROPseq_dCas9_DS_CCNE2_+_95907382.23-P1P2,31
TAP2-CAAGTTGAGAAGGCCT,CROPseq_dCas9_DS_CCNE2_+_95907382.23-P1P2,97
TAP2-CACACTCCACAGTCGC,CROPseq_dCas9_DS_CCNE2_+_95907382.23-P1P2,90
TAP2-CAGATCAAGGCAGTCA,CROPseq_dCas9_DS_CCNE2_+_95907382.23-P1P2,97
TAP2-CAGATCACATTTGCTT,CROPseq_dCas9_DS_CCNE2_+_95907382.23-P1P2,63
TAP2-CAGCCGAAGAATTCCC,CROPseq_dCas9_DS_CCNE2_+_95907382.23-P1P2,107
TAP2-CAGCTGGTCGAGGTAG,CROPseq_dCas9_DS_CCNE2_+_95907382.23-P1P2,116
TAP2-CATATGGGTGATAAGT,CROPseq_dCas9_DS_CCNE2_+_95907382.23-P1P2,44
TAP2-CATCAAGTCAGCGACC,CROPseq_dCas9_DS_CCNE2_+_95907382.23-P1P2,55
TAP2-CATCAGACAGGACGTA,CROPseq_dCas9_DS_CCNE2_+_95907382.23-P1P2,67
TAP2-CATGACATCAGTGCAT,CROPseq_dCas9_DS_CCNE2_+_95907382.23-P1P2,32
TAP2-CATGACATCTTTAGGG,CROPseq_dCas9_DS_CCNE2_+_95907382.23-P1P2,83
TAP2-CATGGCGTCACTATTC,CROPseq_dCas9_DS_CCNE2_+_95907382.23-P1P2,105
TAP2-CATTATCGTACGCACC,CROPseq_dCas9_DS_CCNE2_+_95907382.23-P1P2,51
TAP2-CCATGTCAGTCTTGCA,CROPseq_dCas9_DS_CCNE2_+_95907382.23-P1P2,82
TAP2-CCCAATCTCTTCTGGC,CROPseq_dCas9_DS_CCNE2_+_95907382.23-P1P2,77
TAP2-CCCATACAGATGTTAG,CROPseq_dCas9_DS_CCNE2_+_95907382.23-P1P2,133
TAP2-CCCATACCAGGACCCT,CROPseq_dCas9_DS_CCNE2_+_95907382.23-P1P2,280
TAP2-CCCTCCTCAGTATAAG,CROPseq_dCas9_DS_CCNE2_+_95907382.23-P1P2,28
TAP2-CCGGTAGAGGTGATAT,CROPseq_dCas9_DS_CCNE2_+_95907382.23-P1P2,44
TAP2-CCGGTAGTCAACACAC,CROPseq_dCas9_DS_CCNE2_+_95907382.23-P1P2,59
TAP2-CCGGTAGTCATATCGG,CROPseq_dCas9_DS_CCNE2_+_95907382.23-P1P2,100
TAP2-CCTACACCAGTTCATG,CROPseq_dCas9_DS_CCNE2_+_95907382.23-P1P2,245
TAP2-CCTACCAAGGCGATAC,CROPseq_dCas9_DS_CCNE2_+_95907382.23-P1P2,93
TAP2-CCTAGCTGTGAGGCTA,CROPseq_dCas9_DS_CCNE2_+_95907382.23-P1P2,126
TAP2-CCTCAGTTCAGAGCTT,CROPseq_dCas9_DS_CCNE2_+_95907382.23-P1P2,24
TAP2-CCTTCCCTCTAACTCT,CROPseq_dCas9_DS_CCNE2_+_95907382.23-P1P2,125
TAP2-CGAATGTGTCTAGCGC,CROPseq_dCas9_DS_CCNE2_+_95907382.23-P1P2,76
TAP2-CGAGAAGTCCCGGATG,CROPseq_dCas9_DS_CCNE2_+_95907382.23-P1P2,56
TAP2-CGATTGACATACGCTA,CROPseq_dCas9_DS_CCNE2_+_95907382.23-P1P2,179
TAP2-CGCTGGAAGCTGAAAT,CROPseq_dCas9_DS_CCNE2_+_95907382.23-P1P2,65
TAP2-CGCTGGATCACTCTTA,CROPseq_dCas9_DS_CCNE2_+_95907382.23-P1P2,76
TAP2-CGGACACCATTCACTT,CROPseq_dCas9_DS_CCNE2_+_95907382.23-P1P2,135
TAP2-CGGACTGTCATGCAAC,CROPseq_dCas9_DS_CCNE2_+_95907382.23-P1P2,54
TAP2-CGGTTAACACGGTAAG,CROPseq_dCas9_DS_CCNE2_+_95907382.23-P1P2,92
TAP2-CGTCACTGTCCGCTGA,CROPseq_dCas9_DS_CCNE2_+_95907382.23-P1P2,99
TAP2-CGTCAGGTCCTATTCA,CROPseq_dCas9_DS_CCNE2_+_95907382.23-P1P2,69
TAP2-CTACATTGTTAGATGA,CROPseq_dCas9_DS_CCNE2_+_95907382.23-P1P2,143
TAP2-CTACCCACACCGATAT,CROPseq_dCas9_DS_CCNE2_+_95907382.23-P1P2,114
TAP2-CTACCCACAGTATAAG,CROPseq_dCas9_DS_CCNE2_+_95907382.23-P1P2,150
TAP2-CTACGTCTCTTACCTA,CROPseq_dCas9_DS_CCNE2_+_95907382.23-P1P2,89
TAP2-CTAGAGTCACGGCGTT,CROPseq_dCas9_DS_CCNE2_+_95907382.23-P1P2,49
TAP2-CTAGTGAAGGCCATAG,CROPseq_dCas9_DS_CCNE2_+_95907382.23-P1P2,38
TAP2-CTCACACAGGCAGTCA,CROPseq_dCas9_DS_CCNE2_+_95907382.23-P1P2,83
TAP2-CTCAGAAAGCTCCCAG,CROPseq_dCas9_DS_CCNE2_+_95907382.23-P1P2,131
TAP2-CTCATTATCTCTGAGA,CROPseq_dCas9_DS_CCNE2_+_95907382.23-P1P2,69
TAP2-CTCCTAGTCTGTCTAT,CROPseq_dCas9_DS_CCNE2_+_95907382.23-P1P2,131
TAP2-CTCGAGGTCAGCACAT,CROPseq_dCas9_DS_CCNE2_+_95907382.23-P1P2,150
TAP2-CTCGGGAGTCACCTAA,CROPseq_dCas9_DS_CCNE2_+_95907382.23-P1P2,159
TAP2-CTGATCCCACGGTAGA,CROPseq_dCas9_DS_CCNE2_+_95907382.23-P1P2,119
TAP2-CTGCCTAAGGTAGCCA,CROPseq_dCas9_DS_CCNE2_+_95907382.23-P1P2,142
TAP2-CTGCTGTCAATGAAAC,CROPseq_dCas9_DS_CCNE2_+_95907382.23-P1P2,204
TAP2-CTGGTCTGTGAGTATA,CROPseq_dCas9_DS_CCNE2_+_95907382.23-P1P2,91
TAP2-CTTACCGTCAGGTTCA,CROPseq_dCas9_DS_CCNE2_+_95907382.23-P1P2,139
TAP2-CTTAGGAGTCAGGACA,CROPseq_dCas9_DS_CCNE2_+_95907382.23-P1P2,67
TAP2-GAAGCAGTCTTGTATC,CROPseq_dCas9_DS_CCNE2_+_95907382.23-P1P2,108
TAP2-GACGTTACACCTGGTG,CROPseq_dCas9_DS_CCNE2_+_95907382.23-P1P2,127
TAP2-GACTGCGAGCAGGTCA,CROPseq_dCas9_DS_CCNE2_+_95907382.23-P1P2,95
TAP2-GATCGATCATGCATGT,CROPseq_dCas9_DS_CCNE2_+_95907382.23-P1P2,102
TAP2-GATGAAAAGTCGTACT,CROPseq_dCas9_DS_CCNE2_+_95907382.23-P1P2,150
TAP2-GCAAACTAGCCACGCT,CROPseq_dCas9_DS_CCNE2_+_95907382.23-P1P2,106
TAP2-GCAAACTAGCTGCGAA,CROPseq_dCas9_DS_CCNE2_+_95907382.23-P1P2,56
TAP2-GCAATCAAGACACGAC,CROPseq_dCas9_DS_CCNE2_+_95907382.23-P1P2,119
TAP2-GCAGCCATCAGGCCCA,CROPseq_dCas9_DS_CCNE2_+_95907382.23-P1P2,148
TAP2-GCATACATCAATACCG,CROPseq_dCas9_DS_CCNE2_+_95907382.23-P1P2,195
TAP2-GCATACATCCATGAAC,CROPseq_dCas9_DS_CCNE2_+_95907382.23-P1P2,107
TAP2-GCATACATCTGCGTAA,CROPseq_dCas9_DS_CCNE2_+_95907382.23-P1P2,192
TAP2-GCCAAATTCACCTTAT,CROPseq_dCas9_DS_CCNE2_+_95907382.23-P1P2,79
TAP2-GCCTCTAGTGCTGTAT,CROPseq_dCas9_DS_CCNE2_+_95907382.23-P1P2,41
TAP2-GCGACCATCATAAAGG,CROPseq_dCas9_DS_CCNE2_+_95907382.23-P1P2,127
TAP2-GCGCAACCACAACGCC,CROPseq_dCas9_DS_CCNE2_+_95907382.23-P1P2,18
TAP2-GCTCCTACACAAGCCC,CROPseq_dCas9_DS_CCNE2_+_95907382.23-P1P2,67
TAP2-GCTCTGTTCGTCGTTC,CROPseq_dCas9_DS_CCNE2_+_95907382.23-P1P2,144
TAP2-GCTGCAGAGCTCAACT,CROPseq_dCas9_DS_CCNE2_+_95907382.23-P1P2,88
TAP2-GCTGGGTTCAGCTTAG,CROPseq_dCas9_DS_CCNE2_+_95907382.23-P1P2,153
TAP2-GGGACCTGTAACGTTC,CROPseq_dCas9_DS_CCNE2_+_95907382.23-P1P2,95
TAP2-GGGAGATTCTGACCTC,CROPseq_dCas9_DS_CCNE2_+_95907382.23-P1P2,56
TAP2-GGGCACTGTCAACATC,CROPseq_dCas9_DS_CCNE2_+_95907382.23-P1P2,51
TAP2-GGGCACTTCAGAGGTG,CROPseq_dCas9_DS_CCNE2_+_95907382.23-P1P2,80
TAP2-GGTATTGTCGCAAACT,CROPseq_dCas9_DS_CCNE2_+_95907382.23-P1P2,74
TAP2-GGTGTTAAGGGAACGG,CROPseq_dCas9_DS_CCNE2_+_95907382.23-P1P2,84
TAP2-GTAACGTAGTTACGGG,CROPseq_dCas9_DS_CCNE2_+_95907382.23-P1P2,51
TAP2-GTACTCCGTAAGGGCT,CROPseq_dCas9_DS_CCNE2_+_95907382.23-P1P2,123
TAP2-GTCTTCGCATTACCTT,CROPseq_dCas9_DS_CCNE2_+_95907382.23-P1P2,210
TAP2-GTGGGTCAGCACCGTC,CROPseq_dCas9_DS_CCNE2_+_95907382.23-P1P2,162
TAP2-GTGGGTCCAGACGCCT,CROPseq_dCas9_DS_CCNE2_+_95907382.23-P1P2,99
TAP2-GTGGGTCCATGCCTTC,CROPseq_dCas9_DS_CCNE2_+_95907382.23-P1P2,64
TAP2-GTGTTAGTCCGCAAGC,CROPseq_dCas9_DS_CCNE2_+_95907382.23-P1P2,106
TAP2-GTTAAGCGTTGCGTTA,CROPseq_dCas9_DS_CCNE2_+_95907382.23-P1P2,194
TAP2-GTTAAGCTCCCTAACC,CROPseq_dCas9_DS_CCNE2_+_95907382.23-P1P2,58
TAP2-GTTTCTATCATTTGGG,CROPseq_dCas9_DS_CCNE2_+_95907382.23-P1P2,112
TAP2-TAAACCGCACATCTTT,CROPseq_dCas9_DS_CCNE2_+_95907382.23-P1P2,148
TAP2-TACAGTGGTAATCACC,CROPseq_dCas9_DS_CCNE2_+_95907382.23-P1P2,80
TAP2-TACGGATCACAGATTC,CROPseq_dCas9_DS_CCNE2_+_95907382.23-P1P2,82
TAP2-TACGGGCAGATCTGCT,CROPseq_dCas9_DS_CCNE2_+_95907382.23-P1P2,37
TAP2-TACGGTAAGATGTGTA,CROPseq_dCas9_DS_CCNE2_+_95907382.23-P1P2,73
TAP2-TACTCATGTATTACCG,CROPseq_dCas9_DS_CCNE2_+_95907382.23-P1P2,147
TAP2-TACTTGTCAACACGCC,CROPseq_dCas9_DS_CCNE2_+_95907382.23-P1P2,51
TAP2-TATCTCAGTGACGCCT,CROPseq_dCas9_DS_CCNE2_+_95907382.23-P1P2,51
TAP2-TATCTCATCAGTGTTG,CROPseq_dCas9_DS_CCNE2_+_95907382.23-P1P2,16
TAP2-TATGCCCTCCGAATGT,CROPseq_dCas9_DS_CCNE2_+_95907382.23-P1P2,138
TAP2-TATTACCAGCGCTTAT,CROPseq_dCas9_DS_CCNE2_+_95907382.23-P1P2,68
TAP2-TATTACCTCTGCAGTA,CROPseq_dCas9_DS_CCNE2_+_95907382.23-P1P2,115
TAP2-TCAGCTCTCAGCGATT,CROPseq_dCas9_DS_CCNE2_+_95907382.23-P1P2,90
TAP2-TCAGGTAGTCATCGGC,CROPseq_dCas9_DS_CCNE2_+_95907382.23-P1P2,116
TAP2-TCCACACGTGTCAATC,CROPseq_dCas9_DS_CCNE2_+_95907382.23-P1P2,97
TAP2-TCGCGTTTCCGCGCAA,CROPseq_dCas9_DS_CCNE2_+_95907382.23-P1P2,105
TAP2-TCGGGACGTACTTGAC,CROPseq_dCas9_DS_CCNE2_+_95907382.23-P1P2,106
TAP2-TCTCATAGTCTCTCTG,CROPseq_dCas9_DS_CCNE2_+_95907382.23-P1P2,99
TAP2-TCTGAGACACCAGGCT,CROPseq_dCas9_DS_CCNE2_+_95907382.23-P1P2,62
TAP2-TCTGGAAAGACTTTCG,CROPseq_dCas9_DS_CCNE2_+_95907382.23-P1P2,29
TAP2-TCTGGAAAGCCGGTAA,CROPseq_dCas9_DS_CCNE2_+_95907382.23-P1P2,50
TAP2-TCTGGAAGTCAACATC,CROPseq_dCas9_DS_CCNE2_+_95907382.23-P1P2,186
TAP2-TCTTCGGGTTACTGAC,CROPseq_dCas9_DS_CCNE2_+_95907382.23-P1P2,32
TAP2-TGACAACAGTTGTAGA,CROPseq_dCas9_DS_CCNE2_+_95907382.23-P1P2,120
TAP2-TGAGCATAGGCTAGCA,CROPseq_dCas9_DS_CCNE2_+_95907382.23-P1P2,88
TAP2-TGAGCCGGTTACGACT,CROPseq_dCas9_DS_CCNE2_+_95907382.23-P1P2,47
TAP2-TGCGGGTAGCGCCTCA,CROPseq_dCas9_DS_CCNE2_+_95907382.23-P1P2,69
TAP2-TGCGTGGGTTGACGTT,CROPseq_dCas9_DS_CCNE2_+_95907382.23-P1P2,170
TAP2-TGCGTGGTCGCCAAAT,CROPseq_dCas9_DS_CCNE2_+_95907382.23-P1P2,67
TAP2-TGCGTGGTCTATCCCG,CROPseq_dCas9_DS_CCNE2_+_95907382.23-P1P2,36
TAP2-TGGCTGGGTCGCCATG,CROPseq_dCas9_DS_CCNE2_+_95907382.23-P1P2,83
TAP2-TGTTCCGCAGCCTATA,CROPseq_dCas9_DS_CCNE2_+_95907382.23-P1P2,124
TAP2-TTAACTCGTTTGACTG,CROPseq_dCas9_DS_CCNE2_+_95907382.23-P1P2,70
TAP2-TTCTCAAAGTGGTAAT,CROPseq_dCas9_DS_CCNE2_+_95907382.23-P1P2,87
TAP2-TTTACTGGTAATAGCA,CROPseq_dCas9_DS_CCNE2_+_95907382.23-P1P2,55
TAP2-TTTATGCTCTGTCTCG,CROPseq_dCas9_DS_CCNE2_+_95907382.23-P1P2,31
TAP1-AAACGGGAGAGGTACC,CROPseq_dCas9_DS_CCNE2_+_95907406.23-P1P2,69
TAP1-AAATGCCAGAACAACT,CROPseq_dCas9_DS_CCNE2_+_95907406.23-P1P2,43
TAP1-AACCGCGCAGAAGCAC,CROPseq_dCas9_DS_CCNE2_+_95907406.23-P1P2,48
TAP1-AAGCCGCCATCGGTTA,CROPseq_dCas9_DS_CCNE2_+_95907406.23-P1P2,70
TAP1-AAGCCGCTCTTTACGT,CROPseq_dCas9_DS_CCNE2_+_95907406.23-P1P2,32
TAP1-AAGGAGCTCGTAGATC,CROPseq_dCas9_DS_CCNE2_+_95907406.23-P1P2,111
TAP1-AAGGCAGCAGTCCTTC,CROPseq_dCas9_DS_CCNE2_+_95907406.23-P1P2,89
TAP1-ACATACGAGGGTTTCT,CROPseq_dCas9_DS_CCNE2_+_95907406.23-P1P2,17
TAP1-ACCCACTCATCCCATC,CROPseq_dCas9_DS_CCNE2_+_95907406.23-P1P2,15
TAP1-ACCGTAACATACTCTT,CROPseq_dCas9_DS_CCNE2_+_95907406.23-P1P2,45
TAP1-ACGAGCCAGCGTGAGT,CROPseq_dCas9_DS_CCNE2_+_95907406.23-P1P2,42
TAP1-ACGATGTAGGATTCGG,CROPseq_dCas9_DS_CCNE2_+_95907406.23-P1P2,81
TAP1-ACGCAGCGTAGGCTGA,CROPseq_dCas9_DS_CCNE2_+_95907406.23-P1P2,25
TAP1-ACGGAGAAGCCGATTT,CROPseq_dCas9_DS_CCNE2_+_95907406.23-P1P2,66
TAP1-ACGGGTCAGAGCCCAA,CROPseq_dCas9_DS_CCNE2_+_95907406.23-P1P2,21
TAP1-ACTATCTGTGGCAAAC,CROPseq_dCas9_DS_CCNE2_+_95907406.23-P1P2,70
TAP1-ACTGAACCAAGCGATG,CROPseq_dCas9_DS_CCNE2_+_95907406.23-P1P2,31
TAP1-ACTGATGTCACCCTCA,CROPseq_dCas9_DS_CCNE2_+_95907406.23-P1P2,9
TAP1-ACTGCTCCACATCTTT,CROPseq_dCas9_DS_CCNE2_+_95907406.23-P1P2,71
TAP1-ACTGCTCCAGGAATCG,CROPseq_dCas9_DS_CCNE2_+_95907406.23-P1P2,39
TAP1-ACTTTCATCCCATTAT,CROPseq_dCas9_DS_CCNE2_+_95907406.23-P1P2,81
TAP1-AGACGTTGTGTTCTTT,CROPseq_dCas9_DS_CCNE2_+_95907406.23-P1P2,20
TAP1-AGCCTAAAGACAGAGA,CROPseq_dCas9_DS_CCNE2_+_95907406.23-P1P2,72
TAP1-AGCCTAACATCAGTCA,CROPseq_dCas9_DS_CCNE2_+_95907406.23-P1P2,68
TAP1-AGCGTATTCGTTACAG,CROPseq_dCas9_DS_CCNE2_+_95907406.23-P1P2,77
TAP1-AGGGATGGTTATCCGA,CROPseq_dCas9_DS_CCNE2_+_95907406.23-P1P2,74
TAP1-AGGTCATGTCCAGTGC,CROPseq_dCas9_DS_CCNE2_+_95907406.23-P1P2,19
TAP1-ATCGAGTTCGGCTTGG,CROPseq_dCas9_DS_CCNE2_+_95907406.23-P1P2,36
TAP1-ATGTGTGTCGGCGGTT,CROPseq_dCas9_DS_CCNE2_+_95907406.23-P1P2,46
TAP1-CAAGAAAAGAGGGATA,CROPseq_dCas9_DS_CCNE2_+_95907406.23-P1P2,41
TAP1-CACACTCTCCACTGGG,CROPseq_dCas9_DS_CCNE2_+_95907406.23-P1P2,76
TAP1-CACATTTGTTCCTCCA,CROPseq_dCas9_DS_CCNE2_+_95907406.23-P1P2,56
TAP1-CACCACTAGGATGGTC,CROPseq_dCas9_DS_CCNE2_+_95907406.23-P1P2,72
TAP1-CAGCTAAGTCACACGC,CROPseq_dCas9_DS_CCNE2_+_95907406.23-P1P2,58
TAP1-CAGGTGCAGGCGCTCT,CROPseq_dCas9_DS_CCNE2_+_95907406.23-P1P2,17
TAP1-CAGGTGCTCCTAGGGC,CROPseq_dCas9_DS_CCNE2_+_95907406.23-P1P2,44
TAP1-CAGTAACAGTATTGGA,CROPseq_dCas9_DS_CCNE2_+_95907406.23-P1P2,66
TAP1-CATATTCTCATGCAAC,CROPseq_dCas9_DS_CCNE2_+_95907406.23-P1P2,82
TAP1-CATTATCAGAATTGTG,CROPseq_dCas9_DS_CCNE2_+_95907406.23-P1P2,65
TAP1-CATTCGCGTCACCCAG,CROPseq_dCas9_DS_CCNE2_+_95907406.23-P1P2,37
TAP1-CCAGCGATCACTTACT,CROPseq_dCas9_DS_CCNE2_+_95907406.23-P1P2,23
TAP1-CCCAGTTTCTCAAACG,CROPseq_dCas9_DS_CCNE2_+_95907406.23-P1P2,35
TAP1-CCGTGGATCCAGTAGT,CROPseq_dCas9_DS_CCNE2_+_95907406.23-P1P2,60
TAP1-CCTAGCTTCGATGAGG,CROPseq_dCas9_DS_CCNE2_+_95907406.23-P1P2,85
TAP1-CCTATTAAGCTCTCGG,CROPseq_dCas9_DS_CCNE2_+_95907406.23-P1P2,37
TAP1-CGAATGTGTAAGGGAA,CROPseq_dCas9_DS_CCNE2_+_95907406.23-P1P2,91
TAP1-CGAGAAGAGCCCAATT,CROPseq_dCas9_DS_CCNE2_+_95907406.23-P1P2,41
TAP1-CGATGTAGTGTTAAGA,CROPseq_dCas9_DS_CCNE2_+_95907406.23-P1P2,68
TAP1-CGATGTAGTTGCGTTA,CROPseq_dCas9_DS_CCNE2_+_95907406.23-P1P2,81
TAP1-CGATTGATCGGCCGAT,CROPseq_dCas9_DS_CCNE2_+_95907406.23-P1P2,85
TAP1-CGCGTTTGTGCCTGGT,CROPseq_dCas9_DS_CCNE2_+_95907406.23-P1P2,74
TAP1-CGCTTCAAGGGCACTA,CROPseq_dCas9_DS_CCNE2_+_95907406.23-P1P2,53
TAP1-CGGAGTCTCTCGCTTG,CROPseq_dCas9_DS_CCNE2_+_95907406.23-P1P2,62
TAP1-CGGCTAGTCATCGGAT,CROPseq_dCas9_DS_CCNE2_+_95907406.23-P1P2,83
TAP1-CGGGTCATCTACTCAT,CROPseq_dCas9_DS_CCNE2_+_95907406.23-P1P2,65
TAP1-CGTGTAAAGTAAGTAC,CROPseq_dCas9_DS_CCNE2_+_95907406.23-P1P2,42
TAP1-CTAATGGTCACTATTC,CROPseq_dCas9_DS_CCNE2_+_95907406.23-P1P2,33
TAP1-CTAGCCTCACAGCGTC,CROPseq_dCas9_DS_CCNE2_+_95907406.23-P1P2,34
TAP1-CTCAGAACATCGACGC,CROPseq_dCas9_DS_CCNE2_+_95907406.23-P1P2,76
TAP1-CTCGAAATCACTGGGC,CROPseq_dCas9_DS_CCNE2_+_95907406.23-P1P2,17
TAP1-CTCTACGTCCCACTTG,CROPseq_dCas9_DS_CCNE2_+_95907406.23-P1P2,71
TAP1-CTTACCGAGAACTGTA,CROPseq_dCas9_DS_CCNE2_+_95907406.23-P1P2,116
TAP1-CTTCTCTAGGACATTA,CROPseq_dCas9_DS_CCNE2_+_95907406.23-P1P2,55
TAP1-GAAATGAAGTACTTGC,CROPseq_dCas9_DS_CCNE2_+_95907406.23-P1P2,36
TAP1-GAAATGAGTGCGCTTG,CROPseq_dCas9_DS_CCNE2_+_95907406.23-P1P2,109
TAP1-GAAATGATCGCAAGCC,CROPseq_dCas9_DS_CCNE2_+_95907406.23-P1P2,51
TAP1-GAACATCCATGTTGAC,CROPseq_dCas9_DS_CCNE2_+_95907406.23-P1P2,69
TAP1-GAACCTACAGACGTAG,CROPseq_dCas9_DS_CCNE2_+_95907406.23-P1P2,53
TAP1-GACCAATAGGAATCGC,CROPseq_dCas9_DS_CCNE2_+_95907406.23-P1P2,73
TAP1-GAGCAGAGTTGTGGCC,CROPseq_dCas9_DS_CCNE2_+_95907406.23-P1P2,23
TAP1-GATCAGTCAGGGCATA,CROPseq_dCas9_DS_CCNE2_+_95907406.23-P1P2,73
TAP1-GATGAAAGTATGAATG,CROPseq_dCas9_DS_CCNE2_+_95907406.23-P1P2,84
TAP1-GCATGTATCCATGAGT,CROPseq_dCas9_DS_CCNE2_+_95907406.23-P1P2,33
TAP1-GCATGTATCTGTTTGT,CROPseq_dCas9_DS_CCNE2_+_95907406.23-P1P2,39
TAP1-GCGCAGTCATGCCTAA,CROPseq_dCas9_DS_CCNE2_+_95907406.23-P1P2,23
TAP1-GCGCGATGTACCGTAT,CROPseq_dCas9_DS_CCNE2_+_95907406.23-P1P2,13
TAP1-GCTGGGTTCGGCATCG,CROPseq_dCas9_DS_CCNE2_+_95907406.23-P1P2,52
TAP1-GGAATAAGTCACCCAG,CROPseq_dCas9_DS_CCNE2_+_95907406.23-P1P2,26
TAP1-GGACAGACATTACGAC,CROPseq_dCas9_DS_CCNE2_+_95907406.23-P1P2,78
TAP1-GGACAGAGTAATCGTC,CROPseq_dCas9_DS_CCNE2_+_95907406.23-P1P2,7
TAP1-GGATGTTTCCTATGTT,CROPseq_dCas9_DS_CCNE2_+_95907406.23-P1P2,57
TAP1-GGATTACAGACTAGAT,CROPseq_dCas9_DS_CCNE2_+_95907406.23-P1P2,51
TAP1-GGCAATTCACGACTCG,CROPseq_dCas9_DS_CCNE2_+_95907406.23-P1P2,27
TAP1-GGGACCTCATTCGACA,CROPseq_dCas9_DS_CCNE2_+_95907406.23-P1P2,49
TAP1-GGGCATCTCCCATTTA,CROPseq_dCas9_DS_CCNE2_+_95907406.23-P1P2,57
TAP1-GGTATTGCAAGCCTAT,CROPseq_dCas9_DS_CCNE2_+_95907406.23-P1P2,53
TAP1-GGTGAAGAGCACACAG,CROPseq_dCas9_DS_CCNE2_+_95907406.23-P1P2,129
TAP1-GGTGAAGGTGTGAATA,CROPseq_dCas9_DS_CCNE2_+_95907406.23-P1P2,30
TAP1-GGTGAAGTCAACACAC,CROPseq_dCas9_DS_CCNE2_+_95907406.23-P1P2,10
TAP1-GTACGTATCGGCGCAT,CROPseq_dCas9_DS_CCNE2_+_95907406.23-P1P2,36
TAP1-GTACTTTTCCAAATGC,CROPseq_dCas9_DS_CCNE2_+_95907406.23-P1P2,126
TAP1-GTCCTCACAACTGGCC,CROPseq_dCas9_DS_CCNE2_+_95907406.23-P1P2,38
TAP1-GTCGGGTGTGTGCGTC,CROPseq_dCas9_DS_CCNE2_+_95907406.23-P1P2,44
TAP1-GTCTCGTCAGACAAAT,CROPseq_dCas9_DS_CCNE2_+_95907406.23-P1P2,15
TAP1-GTGCTTCCAGCATGAG,CROPseq_dCas9_DS_CCNE2_+_95907406.23-P1P2,50
TAP1-GTTACAGTCAATCTCT,CROPseq_dCas9_DS_CCNE2_+_95907406.23-P1P2,38
TAP1-TAAGCGTTCGGTTAAC,CROPseq_dCas9_DS_CCNE2_+_95907406.23-P1P2,62
TAP1-TACTCGCAGCGATGAC,CROPseq_dCas9_DS_CCNE2_+_95907406.23-P1P2,77
TAP1-TACTTACAGGCCCGTT,CROPseq_dCas9_DS_CCNE2_+_95907406.23-P1P2,78
TAP1-TAGGCATTCACCATAG,CROPseq_dCas9_DS_CCNE2_+_95907406.23-P1P2,68
TAP1-TATCTCATCTACTATC,CROPseq_dCas9_DS_CCNE2_+_95907406.23-P1P2,38
TAP1-TCAACGACACATAACC,CROPseq_dCas9_DS_CCNE2_+_95907406.23-P1P2,74
TAP1-TCACAAGAGGCTAGAC,CROPseq_dCas9_DS_CCNE2_+_95907406.23-P1P2,48
TAP1-TCGTACCTCACAATGC,CROPseq_dCas9_DS_CCNE2_+_95907406.23-P1P2,110
TAP1-TCTGGAACACCAACCG,CROPseq_dCas9_DS_CCNE2_+_95907406.23-P1P2,40
TAP1-TCTTCGGCATATGGTC,CROPseq_dCas9_DS_CCNE2_+_95907406.23-P1P2,120
TAP1-TGAAAGACATTACGAC,CROPseq_dCas9_DS_CCNE2_+_95907406.23-P1P2,47
TAP1-TGACAACAGCTCCTCT,CROPseq_dCas9_DS_CCNE2_+_95907406.23-P1P2,13
TAP1-TGACTAGAGTGTTAGA,CROPseq_dCas9_DS_CCNE2_+_95907406.23-P1P2,44
TAP1-TGCACCTTCGTGGTCG,CROPseq_dCas9_DS_CCNE2_+_95907406.23-P1P2,108
TAP1-TGCGCAGCATCACGTA,CROPseq_dCas9_DS_CCNE2_+_95907406.23-P1P2,41
TAP1-TGCTACCAGCGGCTTC,CROPseq_dCas9_DS_CCNE2_+_95907406.23-P1P2,12
TAP1-TGGGCGTAGTTCGATC,CROPseq_dCas9_DS_CCNE2_+_95907406.23-P1P2,88
TAP1-TGGGCGTCAGCCTTTC,CROPseq_dCas9_DS_CCNE2_+_95907406.23-P1P2,17
TAP1-TGTATTCCAAATACAG,CROPseq_dCas9_DS_CCNE2_+_95907406.23-P1P2,86
TAP1-TGTGGTACACTTAACG,CROPseq_dCas9_DS_CCNE2_+_95907406.23-P1P2,71
TAP1-TTAGTTCAGCAGCCTC,CROPseq_dCas9_DS_CCNE2_+_95907406.23-P1P2,16
TAP1-TTCCCAGTCACGAAGG,CROPseq_dCas9_DS_CCNE2_+_95907406.23-P1P2,68
TAP1-TTCGAAGGTATAAACG,CROPseq_dCas9_DS_CCNE2_+_95907406.23-P1P2,90
TAP1-TTCGGTCAGGCCATAG,CROPseq_dCas9_DS_CCNE2_+_95907406.23-P1P2,56
TAP1-TTCGGTCTCGGTGTTA,CROPseq_dCas9_DS_CCNE2_+_95907406.23-P1P2,9
TAP1-TTCTCAACATATGGTC,CROPseq_dCas9_DS_CCNE2_+_95907406.23-P1P2,32
TAP1-TTCTCAAGTATGAATG,CROPseq_dCas9_DS_CCNE2_+_95907406.23-P1P2,45
TAP1-TTGACTTAGACAGACC,CROPseq_dCas9_DS_CCNE2_+_95907406.23-P1P2,100
TAP1-TTGCCGTGTTCAGCGC,CROPseq_dCas9_DS_CCNE2_+_95907406.23-P1P2,58
TAP1-TTGTAGGCACAAGCCC,CROPseq_dCas9_DS_CCNE2_+_95907406.23-P1P2,73
TAP1-TTTACTGTCCTGCAGG,CROPseq_dCas9_DS_CCNE2_+_95907406.23-P1P2,22
TAP2-AAACCTGGTCCGCTGA,CROPseq_dCas9_DS_CCNE2_+_95907406.23-P1P2,94
TAP2-AAAGTAGCAGATTGCT,CROPseq_dCas9_DS_CCNE2_+_95907406.23-P1P2,98
TAP2-AAAGTAGTCCGTCATC,CROPseq_dCas9_DS_CCNE2_+_95907406.23-P1P2,39
TAP2-AACGTTGGTTACAGAA,CROPseq_dCas9_DS_CCNE2_+_95907406.23-P1P2,62
TAP2-AACTCTTAGTTGCAGG,CROPseq_dCas9_DS_CCNE2_+_95907406.23-P1P2,81
TAP2-AACTCTTCACATGGGA,CROPseq_dCas9_DS_CCNE2_+_95907406.23-P1P2,121
TAP2-AACTCTTTCACTCTTA,CROPseq_dCas9_DS_CCNE2_+_95907406.23-P1P2,115
TAP2-AAGTCTGTCCCAAGTA,CROPseq_dCas9_DS_CCNE2_+_95907406.23-P1P2,31
TAP2-ACAGCCGCACAGGTTT,CROPseq_dCas9_DS_CCNE2_+_95907406.23-P1P2,76
TAP2-ACAGCTATCTTTCCTC,CROPseq_dCas9_DS_CCNE2_+_95907406.23-P1P2,65
TAP2-ACGGCCAAGTACGTTC,CROPseq_dCas9_DS_CCNE2_+_95907406.23-P1P2,120
TAP2-ACGGCCAGTACTCAAC,CROPseq_dCas9_DS_CCNE2_+_95907406.23-P1P2,67
TAP2-ACGGGTCAGTACTTGC,CROPseq_dCas9_DS_CCNE2_+_95907406.23-P1P2,116
TAP2-ACGGGTCCAGCGTCCA,CROPseq_dCas9_DS_CCNE2_+_95907406.23-P1P2,53
TAP2-ACTGTCCTCTCCAACC,CROPseq_dCas9_DS_CCNE2_+_95907406.23-P1P2,49
TAP2-ACTTACTCATCCCACT,CROPseq_dCas9_DS_CCNE2_+_95907406.23-P1P2,54
TAP2-AGCAGCCAGACTAGAT,CROPseq_dCas9_DS_CCNE2_+_95907406.23-P1P2,91
TAP2-AGCCTAAGTCTCCCTA,CROPseq_dCas9_DS_CCNE2_+_95907406.23-P1P2,60
TAP2-AGGCCGTGTCAGGACA,CROPseq_dCas9_DS_CCNE2_+_95907406.23-P1P2,86
TAP2-AGGGATGTCCGCATCT,CROPseq_dCas9_DS_CCNE2_+_95907406.23-P1P2,161
TAP2-AGGTCCGCACCGAATT,CROPseq_dCas9_DS_CCNE2_+_95907406.23-P1P2,125
TAP2-AGTGGGAGTAAATGTG,CROPseq_dCas9_DS_CCNE2_+_95907406.23-P1P2,77
TAP2-AGTGTCACAAGAAAGG,CROPseq_dCas9_DS_CCNE2_+_95907406.23-P1P2,144
TAP2-ATAAGAGGTGTGAAAT,CROPseq_dCas9_DS_CCNE2_+_95907406.23-P1P2,42
TAP2-ATCACGACACTCTGTC,CROPseq_dCas9_DS_CCNE2_+_95907406.23-P1P2,50
TAP2-ATCATGGCAAGGACTG,CROPseq_dCas9_DS_CCNE2_+_95907406.23-P1P2,29
TAP2-ATCATGGTCTCGCTTG,CROPseq_dCas9_DS_CCNE2_+_95907406.23-P1P2,44
TAP2-ATCCGAAGTTATCACG,CROPseq_dCas9_DS_CCNE2_+_95907406.23-P1P2,85
TAP2-ATCCGAATCAACGGCC,CROPseq_dCas9_DS_CCNE2_+_95907406.23-P1P2,48
TAP2-ATCGAGTGTGCACTTA,CROPseq_dCas9_DS_CCNE2_+_95907406.23-P1P2,91
TAP2-ATCTGCCCACGCGAAA,CROPseq_dCas9_DS_CCNE2_+_95907406.23-P1P2,28
TAP2-ATCTGCCTCCGTAGGC,CROPseq_dCas9_DS_CCNE2_+_95907406.23-P1P2,106
TAP2-ATTCTACTCAGGCCCA,CROPseq_dCas9_DS_CCNE2_+_95907406.23-P1P2,115
TAP2-ATTTCTGAGAAGGACA,CROPseq_dCas9_DS_CCNE2_+_95907406.23-P1P2,123
TAP2-CACACAAGTTACCGAT,CROPseq_dCas9_DS_CCNE2_+_95907406.23-P1P2,158
TAP2-CACACTCCACATTCGA,CROPseq_dCas9_DS_CCNE2_+_95907406.23-P1P2,89
TAP2-CACAGGCCAGATCTGT,CROPseq_dCas9_DS_CCNE2_+_95907406.23-P1P2,102
TAP2-CAGAATCGTATTCTCT,CROPseq_dCas9_DS_CCNE2_+_95907406.23-P1P2,49
TAP2-CAGCAGCGTTGGTTTG,CROPseq_dCas9_DS_CCNE2_+_95907406.23-P1P2,83
TAP2-CAGCTAACACTACAGT,CROPseq_dCas9_DS_CCNE2_+_95907406.23-P1P2,89
TAP2-CAGTAACGTCTCCACT,CROPseq_dCas9_DS_CCNE2_+_95907406.23-P1P2,27
TAP2-CATATGGAGACTGGGT,CROPseq_dCas9_DS_CCNE2_+_95907406.23-P1P2,98
TAP2-CATCAAGAGAACAATC,CROPseq_dCas9_DS_CCNE2_+_95907406.23-P1P2,97
TAP2-CATCAGAAGACTCGGA,CROPseq_dCas9_DS_CCNE2_+_95907406.23-P1P2,90
TAP2-CATCGGGAGGAGCGTT,CROPseq_dCas9_DS_CCNE2_+_95907406.23-P1P2,50
TAP2-CATCGGGCACTGCCAG,CROPseq_dCas9_DS_CCNE2_+_95907406.23-P1P2,102
TAP2-CCAATCCTCCTGCAGG,CROPseq_dCas9_DS_CCNE2_+_95907406.23-P1P2,195
TAP2-CCGTGGATCTTATCTG,CROPseq_dCas9_DS_CCNE2_+_95907406.23-P1P2,40
TAP2-CCGTTCAAGCCAGAAC,CROPseq_dCas9_DS_CCNE2_+_95907406.23-P1P2,35
TAP2-CCTACCAAGAAACCAT,CROPseq_dCas9_DS_CCNE2_+_95907406.23-P1P2,119
TAP2-CCTATTATCTATCGCC,CROPseq_dCas9_DS_CCNE2_+_95907406.23-P1P2,63
TAP2-CCTCAGTTCTAACTGG,CROPseq_dCas9_DS_CCNE2_+_95907406.23-P1P2,38
TAP2-CCTTCGATCCACGTGG,CROPseq_dCas9_DS_CCNE2_+_95907406.23-P1P2,41
TAP2-CGAATGTGTACTTGAC,CROPseq_dCas9_DS_CCNE2_+_95907406.23-P1P2,118
TAP2-CGACTTCTCCGTAGTA,CROPseq_dCas9_DS_CCNE2_+_95907406.23-P1P2,35
TAP2-CGCGGTAAGCGTAATA,CROPseq_dCas9_DS_CCNE2_+_95907406.23-P1P2,96
TAP2-CGCGTTTCACGGTAGA,CROPseq_dCas9_DS_CCNE2_+_95907406.23-P1P2,86
TAP2-CGCTATCTCATGTCCC,CROPseq_dCas9_DS_CCNE2_+_95907406.23-P1P2,71
TAP2-CGCTGGACAAGGTGTG,CROPseq_dCas9_DS_CCNE2_+_95907406.23-P1P2,118
TAP2-CGGAGTCTCGCTAGCG,CROPseq_dCas9_DS_CCNE2_+_95907406.23-P1P2,67
TAP2-CGTTCTGGTTGTTTGG,CROPseq_dCas9_DS_CCNE2_+_95907406.23-P1P2,79
TAP2-CTACGTCCACCAGGCT,CROPseq_dCas9_DS_CCNE2_+_95907406.23-P1P2,133
TAP2-CTACGTCTCTGTCCGT,CROPseq_dCas9_DS_CCNE2_+_95907406.23-P1P2,108
TAP2-CTCGTCAAGCAATCTC,CROPseq_dCas9_DS_CCNE2_+_95907406.23-P1P2,84
TAP2-CTCGTCAAGGTGCACA,CROPseq_dCas9_DS_CCNE2_+_95907406.23-P1P2,120
TAP2-CTGATCCAGGCAGGTT,CROPseq_dCas9_DS_CCNE2_+_95907406.23-P1P2,183
TAP2-CTTGGCTAGAGCAATT,CROPseq_dCas9_DS_CCNE2_+_95907406.23-P1P2,96
TAP2-GAAATGACATGGTTGT,CROPseq_dCas9_DS_CCNE2_+_95907406.23-P1P2,111
TAP2-GAACATCCACTGTGTA,CROPseq_dCas9_DS_CCNE2_+_95907406.23-P1P2,101
TAP2-GACCTGGGTGCCTGTG,CROPseq_dCas9_DS_CCNE2_+_95907406.23-P1P2,23
TAP2-GACGCGTGTAAGTTCC,CROPseq_dCas9_DS_CCNE2_+_95907406.23-P1P2,138
TAP2-GACGCGTTCACGACTA,CROPseq_dCas9_DS_CCNE2_+_95907406.23-P1P2,108
TAP2-GACGGCTAGCTGTCTA,CROPseq_dCas9_DS_CCNE2_+_95907406.23-P1P2,62
TAP2-GACGTTAAGCACAGGT,CROPseq_dCas9_DS_CCNE2_+_95907406.23-P1P2,131
TAP2-GACGTTAGTCTGCGGT,CROPseq_dCas9_DS_CCNE2_+_95907406.23-P1P2,42
TAP2-GAGGTGAGTGTGTGCC,CROPseq_dCas9_DS_CCNE2_+_95907406.23-P1P2,94
TAP2-GATGAGGCACCATGTA,CROPseq_dCas9_DS_CCNE2_+_95907406.23-P1P2,43
TAP2-GCAGCCAAGAGGGCTT,CROPseq_dCas9_DS_CCNE2_+_95907406.23-P1P2,98
TAP2-GCATGATCACGAGAGT,CROPseq_dCas9_DS_CCNE2_+_95907406.23-P1P2,101
TAP2-GCATGCGGTCTCCATC,CROPseq_dCas9_DS_CCNE2_+_95907406.23-P1P2,53
TAP2-GCCAAATGTCGTTGTA,CROPseq_dCas9_DS_CCNE2_+_95907406.23-P1P2,17
TAP2-GCGCAGTAGCAGCGTA,CROPseq_dCas9_DS_CCNE2_+_95907406.23-P1P2,25
TAP2-GCGCAGTGTGACTCAT,CROPseq_dCas9_DS_CCNE2_+_95907406.23-P1P2,130
TAP2-GCTTCCAAGAGACGAA,CROPseq_dCas9_DS_CCNE2_+_95907406.23-P1P2,49
TAP2-GGACAGAGTAACGTTC,CROPseq_dCas9_DS_CCNE2_+_95907406.23-P1P2,69
TAP2-GGACATTAGCCTCGTG,CROPseq_dCas9_DS_CCNE2_+_95907406.23-P1P2,113
TAP2-GGATTACGTATCGCAT,CROPseq_dCas9_DS_CCNE2_+_95907406.23-P1P2,120
TAP2-GGCGACTAGACAAAGG,CROPseq_dCas9_DS_CCNE2_+_95907406.23-P1P2,80
TAP2-GGCGACTAGCGTTTAC,CROPseq_dCas9_DS_CCNE2_+_95907406.23-P1P2,166
TAP2-GGCGACTGTCTCACCT,CROPseq_dCas9_DS_CCNE2_+_95907406.23-P1P2,38
TAP2-GGCGTGTGTATTAGCC,CROPseq_dCas9_DS_CCNE2_+_95907406.23-P1P2,123
TAP2-GGGCACTAGGAATCGC,CROPseq_dCas9_DS_CCNE2_+_95907406.23-P1P2,31
TAP2-GGGTTGCGTTCACGGC,CROPseq_dCas9_DS_CCNE2_+_95907406.23-P1P2,144
TAP2-GGGTTGCTCTCTGTCG,CROPseq_dCas9_DS_CCNE2_+_95907406.23-P1P2,76
TAP2-GGTATTGTCACTGGGC,CROPseq_dCas9_DS_CCNE2_+_95907406.23-P1P2,115
TAP2-GGTGAAGCATACAGCT,CROPseq_dCas9_DS_CCNE2_+_95907406.23-P1P2,44
TAP2-GTAACGTTCTGCTGTC,CROPseq_dCas9_DS_CCNE2_+_95907406.23-P1P2,176
TAP2-GTACTTTTCGCTAGCG,CROPseq_dCas9_DS_CCNE2_+_95907406.23-P1P2,113
TAP2-GTAGTCAGTTTCCACC,CROPseq_dCas9_DS_CCNE2_+_95907406.23-P1P2,138
TAP2-GTCAAGTGTCGGGTCT,CROPseq_dCas9_DS_CCNE2_+_95907406.23-P1P2,69
TAP2-GTGCGGTTCCCACTTG,CROPseq_dCas9_DS_CCNE2_+_95907406.23-P1P2,30
TAP2-TACGGTAGTGCTAGCC,CROPseq_dCas9_DS_CCNE2_+_95907406.23-P1P2,127
TAP2-TACGGTATCAACTCTT,CROPseq_dCas9_DS_CCNE2_+_95907406.23-P1P2,142
TAP2-TACTCGCGTAACGTTC,CROPseq_dCas9_DS_CCNE2_+_95907406.23-P1P2,43
TAP2-TAGAGCTAGTCCGTAT,CROPseq_dCas9_DS_CCNE2_+_95907406.23-P1P2,91
TAP2-TATGCCCTCTAACGGT,CROPseq_dCas9_DS_CCNE2_+_95907406.23-P1P2,162
TAP2-TATTACCGTCATACTG,CROPseq_dCas9_DS_CCNE2_+_95907406.23-P1P2,11
TAP2-TCAACGATCTTCATGT,CROPseq_dCas9_DS_CCNE2_+_95907406.23-P1P2,72
TAP2-TCACAAGAGAATGTTG,CROPseq_dCas9_DS_CCNE2_+_95907406.23-P1P2,106
TAP2-TCACAAGGTACCTACA,CROPseq_dCas9_DS_CCNE2_+_95907406.23-P1P2,196
TAP2-TCAGGTAAGCTAGCCC,CROPseq_dCas9_DS_CCNE2_+_95907406.23-P1P2,94
TAP2-TCGCGAGCAAGACGTG,CROPseq_dCas9_DS_CCNE2_+_95907406.23-P1P2,138
TAP2-TCGCGTTTCGGAGCAA,CROPseq_dCas9_DS_CCNE2_+_95907406.23-P1P2,26
TAP2-TCGGGACGTATTCTCT,CROPseq_dCas9_DS_CCNE2_+_95907406.23-P1P2,129
TAP2-TCGGTAACATCGGGTC,CROPseq_dCas9_DS_CCNE2_+_95907406.23-P1P2,65
TAP2-TCGTACCAGGGAACGG,CROPseq_dCas9_DS_CCNE2_+_95907406.23-P1P2,197
TAP2-TCTCTAAGTTTGTTTC,CROPseq_dCas9_DS_CCNE2_+_95907406.23-P1P2,98
TAP2-TCTTTCCTCTTCAACT,CROPseq_dCas9_DS_CCNE2_+_95907406.23-P1P2,90
TAP2-TGACTAGCAATCGGTT,CROPseq_dCas9_DS_CCNE2_+_95907406.23-P1P2,84
TAP2-TGAGAGGAGTATCTCG,CROPseq_dCas9_DS_CCNE2_+_95907406.23-P1P2,84
TAP2-TGCACCTAGTTGTCGT,CROPseq_dCas9_DS_CCNE2_+_95907406.23-P1P2,82
TAP2-TGCGGGTTCCGGGTGT,CROPseq_dCas9_DS_CCNE2_+_95907406.23-P1P2,45
TAP2-TGGCCAGGTAGGCTGA,CROPseq_dCas9_DS_CCNE2_+_95907406.23-P1P2,42
TAP2-TGGCGCATCCTAGTGA,CROPseq_dCas9_DS_CCNE2_+_95907406.23-P1P2,75
TAP2-TGGCTGGTCATGCTCC,CROPseq_dCas9_DS_CCNE2_+_95907406.23-P1P2,75
TAP2-TGGGCGTTCTCTTGAT,CROPseq_dCas9_DS_CCNE2_+_95907406.23-P1P2,74
TAP2-TGTCCCACATAGTAAG,CROPseq_dCas9_DS_CCNE2_+_95907406.23-P1P2,118
TAP2-TGTGTTTGTGAGGGAG,CROPseq_dCas9_DS_CCNE2_+_95907406.23-P1P2,136
TAP2-TTAGGCAGTTACCAGT,CROPseq_dCas9_DS_CCNE2_+_95907406.23-P1P2,90
TAP2-TTCGGTCGTTGAACTC,CROPseq_dCas9_DS_CCNE2_+_95907406.23-P1P2,85
TAP2-TTCTCCTCATCGACGC,CROPseq_dCas9_DS_CCNE2_+_95907406.23-P1P2,29
TAP2-TTCTTAGTCACAATGC,CROPseq_dCas9_DS_CCNE2_+_95907406.23-P1P2,25
TAP2-TTGCGTCAGTACGACG,CROPseq_dCas9_DS_CCNE2_+_95907406.23-P1P2,77
TAP2-TTTCCTCAGTACGTTC,CROPseq_dCas9_DS_CCNE2_+_95907406.23-P1P2,99
TAP2-TTTGCGCAGGGCATGT,CROPseq_dCas9_DS_CCNE2_+_95907406.23-P1P2,61
TAP2-TTTGCGCTCTCACATT,CROPseq_dCas9_DS_CCNE2_+_95907406.23-P1P2,64
TAP2-TTTGGTTGTCCAGTTA,CROPseq_dCas9_DS_CCNE2_+_95907406.23-P1P2,48
TAP1-AAACGGGGTCATCCCT,CROPseq_dCas9_DS_CCNE2_-_95907017.23-P1P2,56
TAP1-AAACGGGTCGCCCTTA,CROPseq_dCas9_DS_CCNE2_-_95907017.23-P1P2,71
TAP1-AAAGATGTCGTCCGTT,CROPseq_dCas9_DS_CCNE2_-_95907017.23-P1P2,38
TAP1-AAAGCAAGTGTGGTTT,CROPseq_dCas9_DS_CCNE2_-_95907017.23-P1P2,13
TAP1-AAATGCCCAAGTCTAC,CROPseq_dCas9_DS_CCNE2_-_95907017.23-P1P2,36
TAP1-AACCGCGTCAAAGTAG,CROPseq_dCas9_DS_CCNE2_-_95907017.23-P1P2,78
TAP1-AACTCAGGTACTTCTT,CROPseq_dCas9_DS_CCNE2_-_95907017.23-P1P2,64
TAP1-AACTCTTTCACCAGGC,CROPseq_dCas9_DS_CCNE2_-_95907017.23-P1P2,93
TAP1-AAGTCTGCAGGGAGAG,CROPseq_dCas9_DS_CCNE2_-_95907017.23-P1P2,89
TAP1-AATCCAGAGAGCCCAA,CROPseq_dCas9_DS_CCNE2_-_95907017.23-P1P2,41
TAP1-AATCGGTAGTAGTGCG,CROPseq_dCas9_DS_CCNE2_-_95907017.23-P1P2,64
TAP1-ACCAGTAAGGAACTGC,CROPseq_dCas9_DS_CCNE2_-_95907017.23-P1P2,70
TAP1-ACGAGCCAGTTAGCGG,CROPseq_dCas9_DS_CCNE2_-_95907017.23-P1P2,35
TAP1-ACGAGCCTCGGCGCTA,CROPseq_dCas9_DS_CCNE2_-_95907017.23-P1P2,74
TAP1-ACTGATGAGCTAGTCT,CROPseq_dCas9_DS_CCNE2_-_95907017.23-P1P2,58
TAP1-ACTGTCCCAAGCTGTT,CROPseq_dCas9_DS_CCNE2_-_95907017.23-P1P2,36
TAP1-ACTTACTGTCGCGAAA,CROPseq_dCas9_DS_CCNE2_-_95907017.23-P1P2,83
TAP1-AGAATAGAGTCAATAG,CROPseq_dCas9_DS_CCNE2_-_95907017.23-P1P2,65
TAP1-AGACGTTCATTCCTGC,CROPseq_dCas9_DS_CCNE2_-_95907017.23-P1P2,71
TAP1-AGACGTTTCGCTTAGA,CROPseq_dCas9_DS_CCNE2_-_95907017.23-P1P2,54
TAP1-AGAGCGATCACTGGGC,CROPseq_dCas9_DS_CCNE2_-_95907017.23-P1P2,49
TAP1-AGAGCGATCAGGATCT,CROPseq_dCas9_DS_CCNE2_-_95907017.23-P1P2,26
TAP1-AGAGTGGAGGCTAGAC,CROPseq_dCas9_DS_CCNE2_-_95907017.23-P1P2,105
TAP1-AGATCTGTCACATACG,CROPseq_dCas9_DS_CCNE2_-_95907017.23-P1P2,58
TAP1-AGCTCTCAGTACGCCC,CROPseq_dCas9_DS_CCNE2_-_95907017.23-P1P2,47
TAP1-AGCTCTCCAAAGCAAT,CROPseq_dCas9_DS_CCNE2_-_95907017.23-P1P2,62
TAP1-AGCTCTCGTCTAGTCA,CROPseq_dCas9_DS_CCNE2_-_95907017.23-P1P2,63
TAP1-AGCTTGACAAACGCGA,CROPseq_dCas9_DS_CCNE2_-_95907017.23-P1P2,65
TAP1-AGGCCACGTAAGAGAG,CROPseq_dCas9_DS_CCNE2_-_95907017.23-P1P2,48
TAP1-AGGGATGGTGATGATA,CROPseq_dCas9_DS_CCNE2_-_95907017.23-P1P2,21
TAP1-AGGGTGAAGTCGTACT,CROPseq_dCas9_DS_CCNE2_-_95907017.23-P1P2,81
TAP1-AGTGTCAGTTCATGGT,CROPseq_dCas9_DS_CCNE2_-_95907017.23-P1P2,28
TAP1-ATCACGAGTCGCTTCT,CROPseq_dCas9_DS_CCNE2_-_95907017.23-P1P2,73
TAP1-ATGGGAGAGCGACGTA,CROPseq_dCas9_DS_CCNE2_-_95907017.23-P1P2,49
TAP1-ATTGGTGAGAGACTTA,CROPseq_dCas9_DS_CCNE2_-_95907017.23-P1P2,67
TAP1-CAAGAAATCAACGCTA,CROPseq_dCas9_DS_CCNE2_-_95907017.23-P1P2,79
TAP1-CAAGGCCAGAGCAATT,CROPseq_dCas9_DS_CCNE2_-_95907017.23-P1P2,58
TAP1-CACAAACAGGGCTTCC,CROPseq_dCas9_DS_CCNE2_-_95907017.23-P1P2,34
TAP1-CACAGTAGTCAGAGGT,CROPseq_dCas9_DS_CCNE2_-_95907017.23-P1P2,97
TAP1-CACATTTTCATGCAAC,CROPseq_dCas9_DS_CCNE2_-_95907017.23-P1P2,52
TAP1-CACCAGGCAGTCGATT,CROPseq_dCas9_DS_CCNE2_-_95907017.23-P1P2,97
TAP1-CAGCCGACAGATGAGC,CROPseq_dCas9_DS_CCNE2_-_95907017.23-P1P2,176
TAP1-CAGCCGATCCACGAAT,CROPseq_dCas9_DS_CCNE2_-_95907017.23-P1P2,61
TAP1-CAGGTGCCACGGCCAT,CROPseq_dCas9_DS_CCNE2_-_95907017.23-P1P2,110
TAP1-CAGTCCTCATGTCTCC,CROPseq_dCas9_DS_CCNE2_-_95907017.23-P1P2,50
TAP1-CATCAAGGTTCACCTC,CROPseq_dCas9_DS_CCNE2_-_95907017.23-P1P2,104
TAP1-CATCAGATCTCAAACG,CROPseq_dCas9_DS_CCNE2_-_95907017.23-P1P2,49
TAP1-CATCAGATCTTCGAGA,CROPseq_dCas9_DS_CCNE2_-_95907017.23-P1P2,84
TAP1-CATGACATCGCCTGTT,CROPseq_dCas9_DS_CCNE2_-_95907017.23-P1P2,37
TAP1-CATGCCTCATCTCGCT,CROPseq_dCas9_DS_CCNE2_-_95907017.23-P1P2,87
TAP1-CATGGCGAGACTGGGT,CROPseq_dCas9_DS_CCNE2_-_95907017.23-P1P2,110
TAP1-CATGGCGCAGTCAGCC,CROPseq_dCas9_DS_CCNE2_-_95907017.23-P1P2,77
TAP1-CATTCGCAGTGGACGT,CROPseq_dCas9_DS_CCNE2_-_95907017.23-P1P2,52
TAP1-CATTCGCTCACCAGGC,CROPseq_dCas9_DS_CCNE2_-_95907017.23-P1P2,39
TAP1-CCACTACGTACCGTTA,CROPseq_dCas9_DS_CCNE2_-_95907017.23-P1P2,35
TAP1-CCATGTCTCGCGATCG,CROPseq_dCas9_DS_CCNE2_-_95907017.23-P1P2,55
TAP1-CCATTCGAGGGCTCTC,CROPseq_dCas9_DS_CCNE2_-_95907017.23-P1P2,79
TAP1-CCCATACAGGTGCTTT,CROPseq_dCas9_DS_CCNE2_-_95907017.23-P1P2,68
TAP1-CCCATACGTAAATACG,CROPseq_dCas9_DS_CCNE2_-_95907017.23-P1P2,72
TAP1-CCCTCCTAGTGGGTTG,CROPseq_dCas9_DS_CCNE2_-_95907017.23-P1P2,46
TAP1-CCGTTCAAGGCATGGT,CROPseq_dCas9_DS_CCNE2_-_95907017.23-P1P2,55
TAP1-CCGTTCAAGTACTTGC,CROPseq_dCas9_DS_CCNE2_-_95907017.23-P1P2,46
TAP1-CCTACACAGTTCGATC,CROPseq_dCas9_DS_CCNE2_-_95907017.23-P1P2,45
TAP1-CCTTCCCCACATAACC,CROPseq_dCas9_DS_CCNE2_-_95907017.23-P1P2,68
TAP1-CCTTCGATCTAACTTC,CROPseq_dCas9_DS_CCNE2_-_95907017.23-P1P2,80
TAP1-CCTTTCTCAAACAACA,CROPseq_dCas9_DS_CCNE2_-_95907017.23-P1P2,54
TAP1-CGAATGTTCTCCGGTT,CROPseq_dCas9_DS_CCNE2_-_95907017.23-P1P2,46
TAP1-CGAGCACAGGGAACGG,CROPseq_dCas9_DS_CCNE2_-_95907017.23-P1P2,78
TAP1-CGAGCACAGTTTGCGT,CROPseq_dCas9_DS_CCNE2_-_95907017.23-P1P2,101
TAP1-CGATGTAAGTCTTGCA,CROPseq_dCas9_DS_CCNE2_-_95907017.23-P1P2,58
TAP1-CGCCAAGTCTCGATGA,CROPseq_dCas9_DS_CCNE2_-_95907017.23-P1P2,19
TAP1-CGCGGTAAGACCGGAT,CROPseq_dCas9_DS_CCNE2_-_95907017.23-P1P2,109
TAP1-CGCGGTAGTCCAGTGC,CROPseq_dCas9_DS_CCNE2_-_95907017.23-P1P2,14
TAP1-CGCTGGACATGTCTCC,CROPseq_dCas9_DS_CCNE2_-_95907017.23-P1P2,56
TAP1-CGCTGGAGTCAATGTC,CROPseq_dCas9_DS_CCNE2_-_95907017.23-P1P2,75
TAP1-CGGACACGTTTGGGCC,CROPseq_dCas9_DS_CCNE2_-_95907017.23-P1P2,24
TAP1-CGGACGTCAGCGTCCA,CROPseq_dCas9_DS_CCNE2_-_95907017.23-P1P2,43
TAP1-CGGACTGCAAACAACA,CROPseq_dCas9_DS_CCNE2_-_95907017.23-P1P2,123
TAP1-CGGAGCTTCATATCGG,CROPseq_dCas9_DS_CCNE2_-_95907017.23-P1P2,34
TAP1-CGGAGCTTCTTGTACT,CROPseq_dCas9_DS_CCNE2_-_95907017.23-P1P2,48
TAP1-CGGCTAGCACGGTAGA,CROPseq_dCas9_DS_CCNE2_-_95907017.23-P1P2,81
TAP1-CGGTTAAGTAGCAAAT,CROPseq_dCas9_DS_CCNE2_-_95907017.23-P1P2,16
TAP1-CGTCCATCATGGGAAC,CROPseq_dCas9_DS_CCNE2_-_95907017.23-P1P2,81
TAP1-CGTGAGCGTTCATGGT,CROPseq_dCas9_DS_CCNE2_-_95907017.23-P1P2,73
TAP1-CGTGTAACATCGGTTA,CROPseq_dCas9_DS_CCNE2_-_95907017.23-P1P2,42
TAP1-CGTGTCTAGTGTACTC,CROPseq_dCas9_DS_CCNE2_-_95907017.23-P1P2,39
TAP1-CGTTGGGCAAAGTGCG,CROPseq_dCas9_DS_CCNE2_-_95907017.23-P1P2,41
TAP1-CGTTGGGGTCCAACTA,CROPseq_dCas9_DS_CCNE2_-_95907017.23-P1P2,76
TAP1-CTAATGGTCCCAAGAT,CROPseq_dCas9_DS_CCNE2_-_95907017.23-P1P2,26
TAP1-CTCGAAATCTACCAGA,CROPseq_dCas9_DS_CCNE2_-_95907017.23-P1P2,49
TAP1-CTCGGGACAGCCTTTC,CROPseq_dCas9_DS_CCNE2_-_95907017.23-P1P2,12
TAP1-CTCGTACGTACTCAAC,CROPseq_dCas9_DS_CCNE2_-_95907017.23-P1P2,87
TAP1-CTCGTCAAGGCTAGCA,CROPseq_dCas9_DS_CCNE2_-_95907017.23-P1P2,58
TAP1-CTCGTCATCCAAATGC,CROPseq_dCas9_DS_CCNE2_-_95907017.23-P1P2,70
TAP1-CTCTAATCATTGGCGC,CROPseq_dCas9_DS_CCNE2_-_95907017.23-P1P2,35
TAP1-CTGAAACGTTCCTCCA,CROPseq_dCas9_DS_CCNE2_-_95907017.23-P1P2,95
TAP1-CTGATAGGTACTCGCG,CROPseq_dCas9_DS_CCNE2_-_95907017.23-P1P2,106
TAP1-CTGATCCGTCTGATTG,CROPseq_dCas9_DS_CCNE2_-_95907017.23-P1P2,38
TAP1-CTGCCTACACATGGGA,CROPseq_dCas9_DS_CCNE2_-_95907017.23-P1P2,78
TAP1-CTTACCGAGACCTTTG,CROPseq_dCas9_DS_CCNE2_-_95907017.23-P1P2,43
TAP1-CTTACCGTCAACCATG,CROPseq_dCas9_DS_CCNE2_-_95907017.23-P1P2,14
TAP1-CTTCTCTAGAGGTACC,CROPseq_dCas9_DS_CCNE2_-_95907017.23-P1P2,99
TAP1-CTTTGCGTCCCGGATG,CROPseq_dCas9_DS_CCNE2_-_95907017.23-P1P2,71
TAP1-GAAACTCTCCACGACG,CROPseq_dCas9_DS_CCNE2_-_95907017.23-P1P2,87
TAP1-GAAACTCTCTCGCTTG,CROPseq_dCas9_DS_CCNE2_-_95907017.23-P1P2,33
TAP1-GAAACTCTCTGGTGTA,CROPseq_dCas9_DS_CCNE2_-_95907017.23-P1P2,40
TAP1-GAACATCTCCTTAATC,CROPseq_dCas9_DS_CCNE2_-_95907017.23-P1P2,84
TAP1-GAATAAGAGGAACTGC,CROPseq_dCas9_DS_CCNE2_-_95907017.23-P1P2,47
TAP1-GACACGCAGCTCCTTC,CROPseq_dCas9_DS_CCNE2_-_95907017.23-P1P2,57
TAP1-GAGGTGAGTTGAGGTG,CROPseq_dCas9_DS_CCNE2_-_95907017.23-P1P2,78
TAP1-GAGTCCGGTTAGGGTG,CROPseq_dCas9_DS_CCNE2_-_95907017.23-P1P2,39
TAP1-GCCAAATCACACAGAG,CROPseq_dCas9_DS_CCNE2_-_95907017.23-P1P2,92
TAP1-GCCAAATCATGGGACA,CROPseq_dCas9_DS_CCNE2_-_95907017.23-P1P2,59
TAP1-GCTGCTTAGAACAACT,CROPseq_dCas9_DS_CCNE2_-_95907017.23-P1P2,63
TAP1-GCTGCTTCAAAGCAAT,CROPseq_dCas9_DS_CCNE2_-_95907017.23-P1P2,80
TAP1-GCTTCCACACGGTGTC,CROPseq_dCas9_DS_CCNE2_-_95907017.23-P1P2,106
TAP1-GGAACTTAGTCCGGTC,CROPseq_dCas9_DS_CCNE2_-_95907017.23-P1P2,50
TAP1-GGAATAAGTAAGTGGC,CROPseq_dCas9_DS_CCNE2_-_95907017.23-P1P2,123
TAP1-GGACAGAAGCTTATCG,CROPseq_dCas9_DS_CCNE2_-_95907017.23-P1P2,22
TAP1-GGACATTCAAATTGCC,CROPseq_dCas9_DS_CCNE2_-_95907017.23-P1P2,48
TAP1-GGACATTCACAGGAGT,CROPseq_dCas9_DS_CCNE2_-_95907017.23-P1P2,72
TAP1-GGACGTCCACTGAAGG,CROPseq_dCas9_DS_CCNE2_-_95907017.23-P1P2,80
TAP1-GGCCGATCAACTTGAC,CROPseq_dCas9_DS_CCNE2_-_95907017.23-P1P2,83
TAP1-GGCTGGTGTCACAAGG,CROPseq_dCas9_DS_CCNE2_-_95907017.23-P1P2,57
TAP1-GGGACCTTCTCAAACG,CROPseq_dCas9_DS_CCNE2_-_95907017.23-P1P2,87
TAP1-GGTGAAGTCCAAACAC,CROPseq_dCas9_DS_CCNE2_-_95907017.23-P1P2,44
TAP1-GGTGCGTCAATGGTCT,CROPseq_dCas9_DS_CCNE2_-_95907017.23-P1P2,43
TAP1-GTAACGTTCCTAGAAC,CROPseq_dCas9_DS_CCNE2_-_95907017.23-P1P2,40
TAP1-GTACTTTAGGCTAGAC,CROPseq_dCas9_DS_CCNE2_-_95907017.23-P1P2,12
TAP1-GTCACAATCAGTGTTG,CROPseq_dCas9_DS_CCNE2_-_95907017.23-P1P2,20
TAP1-GTCACGGGTATGGTTC,CROPseq_dCas9_DS_CCNE2_-_95907017.23-P1P2,12
TAP1-GTCTTCGAGAGTGACC,CROPseq_dCas9_DS_CCNE2_-_95907017.23-P1P2,56
TAP1-GTGAAGGGTTTCCACC,CROPseq_dCas9_DS_CCNE2_-_95907017.23-P1P2,33
TAP1-GTGCGGTTCGGCATCG,CROPseq_dCas9_DS_CCNE2_-_95907017.23-P1P2,62
TAP1-GTGGGTCAGCTTATCG,CROPseq_dCas9_DS_CCNE2_-_95907017.23-P1P2,49
TAP1-GTGTGCGCAGGGAGAG,CROPseq_dCas9_DS_CCNE2_-_95907017.23-P1P2,56
TAP1-GTGTTAGCAGTCAGAG,CROPseq_dCas9_DS_CCNE2_-_95907017.23-P1P2,75
TAP1-GTGTTAGGTCCTCTTG,CROPseq_dCas9_DS_CCNE2_-_95907017.23-P1P2,70
TAP1-GTTCGGGTCGAGCCCA,CROPseq_dCas9_DS_CCNE2_-_95907017.23-P1P2,38
TAP1-GTTTCTAGTGGCGAAT,CROPseq_dCas9_DS_CCNE2_-_95907017.23-P1P2,64
TAP1-TAAACCGTCGGAAATA,CROPseq_dCas9_DS_CCNE2_-_95907017.23-P1P2,57
TAP1-TAAGTGCCACATTTCT,CROPseq_dCas9_DS_CCNE2_-_95907017.23-P1P2,81
TAP1-TACGGGCCATAAAGGT,CROPseq_dCas9_DS_CCNE2_-_95907017.23-P1P2,53
TAP1-TACTTACGTGCGATAG,CROPseq_dCas9_DS_CCNE2_-_95907017.23-P1P2,94
TAP1-TAGCCGGAGCTCAACT,CROPseq_dCas9_DS_CCNE2_-_95907017.23-P1P2,44
TAP1-TATGCCCCAGGACCCT,CROPseq_dCas9_DS_CCNE2_-_95907017.23-P1P2,43
TAP1-TATTACCTCAGTCCCT,CROPseq_dCas9_DS_CCNE2_-_95907017.23-P1P2,65
TAP1-TCAACGATCACTTACT,CROPseq_dCas9_DS_CCNE2_-_95907017.23-P1P2,116
TAP1-TCAGGTAGTGACTACT,CROPseq_dCas9_DS_CCNE2_-_95907017.23-P1P2,80
TAP1-TCATTACGTCGGGTCT,CROPseq_dCas9_DS_CCNE2_-_95907017.23-P1P2,27
TAP1-TCCCGATAGCTGAACG,CROPseq_dCas9_DS_CCNE2_-_95907017.23-P1P2,39
TAP1-TCGTACCAGTATTGGA,CROPseq_dCas9_DS_CCNE2_-_95907017.23-P1P2,75
TAP1-TCGTAGAAGAGAGCTC,CROPseq_dCas9_DS_CCNE2_-_95907017.23-P1P2,56
TAP1-TCGTAGAGTAGCTGCC,CROPseq_dCas9_DS_CCNE2_-_95907017.23-P1P2,85
TAP1-TGATTTCAGAAACGAG,CROPseq_dCas9_DS_CCNE2_-_95907017.23-P1P2,107
TAP1-TGCCCTATCCGTAGGC,CROPseq_dCas9_DS_CCNE2_-_95907017.23-P1P2,48
TAP1-TGCGCAGGTTGGAGGT,CROPseq_dCas9_DS_CCNE2_-_95907017.23-P1P2,66
TAP1-TGGCCAGCACGGCCAT,CROPseq_dCas9_DS_CCNE2_-_95907017.23-P1P2,44
TAP1-TGGCGCACATGTTGAC,CROPseq_dCas9_DS_CCNE2_-_95907017.23-P1P2,52
TAP1-TGGGAAGCAGTATGCT,CROPseq_dCas9_DS_CCNE2_-_95907017.23-P1P2,26
TAP1-TGGGAAGTCCTTTCGG,CROPseq_dCas9_DS_CCNE2_-_95907017.23-P1P2,32
TAP1-TGGTTCCCATCCGTGG,CROPseq_dCas9_DS_CCNE2_-_95907017.23-P1P2,92
TAP1-TGGTTCCGTACGAAAT,CROPseq_dCas9_DS_CCNE2_-_95907017.23-P1P2,43
TAP1-TGTATTCTCCCAGGTG,CROPseq_dCas9_DS_CCNE2_-_95907017.23-P1P2,79
TAP1-TGTCCCACACGAAAGC,CROPseq_dCas9_DS_CCNE2_-_95907017.23-P1P2,56
TAP1-TGTGGTACATGACATC,CROPseq_dCas9_DS_CCNE2_-_95907017.23-P1P2,58
TAP1-TTAGGCAAGATGTGGC,CROPseq_dCas9_DS_CCNE2_-_95907017.23-P1P2,73
TAP1-TTGACTTTCCGCATAA,CROPseq_dCas9_DS_CCNE2_-_95907017.23-P1P2,60
TAP1-TTGACTTTCCTTTCGG,CROPseq_dCas9_DS_CCNE2_-_95907017.23-P1P2,115
TAP1-TTGGAACGTAAATGTG,CROPseq_dCas9_DS_CCNE2_-_95907017.23-P1P2,69
TAP1-TTGGAACGTTGGTAAA,CROPseq_dCas9_DS_CCNE2_-_95907017.23-P1P2,20
TAP1-TTTACTGAGTTACGGG,CROPseq_dCas9_DS_CCNE2_-_95907017.23-P1P2,55
TAP1-TTTATGCGTCGAATCT,CROPseq_dCas9_DS_CCNE2_-_95907017.23-P1P2,32
TAP1-TTTGCGCGTCTCATCC,CROPseq_dCas9_DS_CCNE2_-_95907017.23-P1P2,31
TAP2-AAACCTGCACGAAACG,CROPseq_dCas9_DS_CCNE2_-_95907017.23-P1P2,65
TAP2-AAATGCCGTCTAGAGG,CROPseq_dCas9_DS_CCNE2_-_95907017.23-P1P2,231
TAP2-AACCGCGAGAGGGATA,CROPseq_dCas9_DS_CCNE2_-_95907017.23-P1P2,64
TAP2-AACCGCGGTTACGGAG,CROPseq_dCas9_DS_CCNE2_-_95907017.23-P1P2,59
TAP2-AACGTTGCACGTCAGC,CROPseq_dCas9_DS_CCNE2_-_95907017.23-P1P2,67
TAP2-AAGGAGCGTCCGAATT,CROPseq_dCas9_DS_CCNE2_-_95907017.23-P1P2,98
TAP2-AAGGCAGAGATATGGT,CROPseq_dCas9_DS_CCNE2_-_95907017.23-P1P2,109
TAP2-ACACTGATCAGCTCTC,CROPseq_dCas9_DS_CCNE2_-_95907017.23-P1P2,65
TAP2-ACCCACTAGAATGTTG,CROPseq_dCas9_DS_CCNE2_-_95907017.23-P1P2,80
TAP2-ACCCACTCAAATACAG,CROPseq_dCas9_DS_CCNE2_-_95907017.23-P1P2,54
TAP2-ACCTTTAGTCATATGC,CROPseq_dCas9_DS_CCNE2_-_95907017.23-P1P2,102
TAP2-ACGAGGACAGCCTATA,CROPseq_dCas9_DS_CCNE2_-_95907017.23-P1P2,71
TAP2-ACGGGCTCAGGCAGTA,CROPseq_dCas9_DS_CCNE2_-_95907017.23-P1P2,87
TAP2-ACGGGCTTCGATAGAA,CROPseq_dCas9_DS_CCNE2_-_95907017.23-P1P2,66
TAP2-ACGGGTCAGGCTCAGA,CROPseq_dCas9_DS_CCNE2_-_95907017.23-P1P2,41
TAP2-ACTATCTAGGCAATTA,CROPseq_dCas9_DS_CCNE2_-_95907017.23-P1P2,152
TAP2-ACTTTCACAAAGTCAA,CROPseq_dCas9_DS_CCNE2_-_95907017.23-P1P2,131
TAP2-AGACGTTCACGGTAAG,CROPseq_dCas9_DS_CCNE2_-_95907017.23-P1P2,28
TAP2-AGAGTGGGTAACGTTC,CROPseq_dCas9_DS_CCNE2_-_95907017.23-P1P2,59
TAP2-AGCGGTCTCGCCTGTT,CROPseq_dCas9_DS_CCNE2_-_95907017.23-P1P2,181
TAP2-AGCGTCGAGGGAGTAA,CROPseq_dCas9_DS_CCNE2_-_95907017.23-P1P2,77
TAP2-AGTGGGAAGTGATCGG,CROPseq_dCas9_DS_CCNE2_-_95907017.23-P1P2,138
TAP2-AGTGTCACATTGTGCA,CROPseq_dCas9_DS_CCNE2_-_95907017.23-P1P2,75
TAP2-ATCCACCTCCCTCAGT,CROPseq_dCas9_DS_CCNE2_-_95907017.23-P1P2,52
TAP2-ATCGAGTCATCACCCT,CROPseq_dCas9_DS_CCNE2_-_95907017.23-P1P2,129
TAP2-ATCTGCCCATTTCAGG,CROPseq_dCas9_DS_CCNE2_-_95907017.23-P1P2,203
TAP2-ATGTGTGGTACCTACA,CROPseq_dCas9_DS_CCNE2_-_95907017.23-P1P2,58
TAP2-CAACTAGAGAACTGTA,CROPseq_dCas9_DS_CCNE2_-_95907017.23-P1P2,44
TAP2-CACAAACAGACCTTTG,CROPseq_dCas9_DS_CCNE2_-_95907017.23-P1P2,185
TAP2-CACACAAAGAGACTAT,CROPseq_dCas9_DS_CCNE2_-_95907017.23-P1P2,110
TAP2-CACATTTAGCTAAGAT,CROPseq_dCas9_DS_CCNE2_-_95907017.23-P1P2,99
TAP2-CACCACTTCACAAACC,CROPseq_dCas9_DS_CCNE2_-_95907017.23-P1P2,86
TAP2-CAGAGAGAGATCCGAG,CROPseq_dCas9_DS_CCNE2_-_95907017.23-P1P2,34
TAP2-CAGCGACGTCTCTTTA,CROPseq_dCas9_DS_CCNE2_-_95907017.23-P1P2,89
TAP2-CAGTAACTCTATGTGG,CROPseq_dCas9_DS_CCNE2_-_95907017.23-P1P2,32
TAP2-CAGTCCTGTAAGGGCT,CROPseq_dCas9_DS_CCNE2_-_95907017.23-P1P2,127
TAP2-CATTATCCAGGAACGT,CROPseq_dCas9_DS_CCNE2_-_95907017.23-P1P2,67
TAP2-CCACTACGTTAAAGTG,CROPseq_dCas9_DS_CCNE2_-_95907017.23-P1P2,131
TAP2-CCCAATCTCAGATAAG,CROPseq_dCas9_DS_CCNE2_-_95907017.23-P1P2,172
TAP2-CCCATACCACATGGGA,CROPseq_dCas9_DS_CCNE2_-_95907017.23-P1P2,170
TAP2-CCGGGATTCGCTAGCG,CROPseq_dCas9_DS_CCNE2_-_95907017.23-P1P2,162
TAP2-CCGGTAGGTACCGGCT,CROPseq_dCas9_DS_CCNE2_-_95907017.23-P1P2,110
TAP2-CCGTGGAAGTGACATA,CROPseq_dCas9_DS_CCNE2_-_95907017.23-P1P2,121
TAP2-CCGTGGACACGGCGTT,CROPseq_dCas9_DS_CCNE2_-_95907017.23-P1P2,83
TAP2-CCTACCAAGTGTACGG,CROPseq_dCas9_DS_CCNE2_-_95907017.23-P1P2,32
TAP2-CCTACCACAAACTGCT,CROPseq_dCas9_DS_CCNE2_-_95907017.23-P1P2,25
TAP2-CCTACCACATTGTGCA,CROPseq_dCas9_DS_CCNE2_-_95907017.23-P1P2,76
TAP2-CCTTACGTCGCAAGCC,CROPseq_dCas9_DS_CCNE2_-_95907017.23-P1P2,29
TAP2-CCTTCCCGTCGAAAGC,CROPseq_dCas9_DS_CCNE2_-_95907017.23-P1P2,71
TAP2-CGAACATCATATGCTG,CROPseq_dCas9_DS_CCNE2_-_95907017.23-P1P2,152
TAP2-CGACTTCGTCAATACC,CROPseq_dCas9_DS_CCNE2_-_95907017.23-P1P2,54
TAP2-CGAGAAGTCTCCGGTT,CROPseq_dCas9_DS_CCNE2_-_95907017.23-P1P2,124
TAP2-CGCGGTATCCTAGGGC,CROPseq_dCas9_DS_CCNE2_-_95907017.23-P1P2,60
TAP2-CGGAGCTAGGAGTAGA,CROPseq_dCas9_DS_CCNE2_-_95907017.23-P1P2,94
TAP2-CGGGTCATCGGAGCAA,CROPseq_dCas9_DS_CCNE2_-_95907017.23-P1P2,19
TAP2-CGTGAGCCAGGTGCCT,CROPseq_dCas9_DS_CCNE2_-_95907017.23-P1P2,139
TAP2-CGTGTCTTCTATCCCG,CROPseq_dCas9_DS_CCNE2_-_95907017.23-P1P2,148
TAP2-CGTTAGATCCTGTAGA,CROPseq_dCas9_DS_CCNE2_-_95907017.23-P1P2,116
TAP2-CTAAGACAGCTAGTGG,CROPseq_dCas9_DS_CCNE2_-_95907017.23-P1P2,41
TAP2-CTAGTGATCACGCATA,CROPseq_dCas9_DS_CCNE2_-_95907017.23-P1P2,104
TAP2-CTCCTAGAGAATTGTG,CROPseq_dCas9_DS_CCNE2_-_95907017.23-P1P2,117
TAP2-CTCGGAGTCTTTAGTC,CROPseq_dCas9_DS_CCNE2_-_95907017.23-P1P2,163
TAP2-CTCTGGTCATTAGGCT,CROPseq_dCas9_DS_CCNE2_-_95907017.23-P1P2,71
TAP2-CTGCCTAGTTGATTCG,CROPseq_dCas9_DS_CCNE2_-_95907017.23-P1P2,92
TAP2-CTGCGGAGTATCGCAT,CROPseq_dCas9_DS_CCNE2_-_95907017.23-P1P2,174
TAP2-CTTACCGTCCCTCTTT,CROPseq_dCas9_DS_CCNE2_-_95907017.23-P1P2,31
TAP2-CTTAGGAAGCTCTCGG,CROPseq_dCas9_DS_CCNE2_-_95907017.23-P1P2,159
TAP2-GAAATGAGTCGAATCT,CROPseq_dCas9_DS_CCNE2_-_95907017.23-P1P2,91
TAP2-GAACATCCACCACGTG,CROPseq_dCas9_DS_CCNE2_-_95907017.23-P1P2,77
TAP2-GAAGCAGGTTGGTGGA,CROPseq_dCas9_DS_CCNE2_-_95907017.23-P1P2,91
TAP2-GACGTTAAGTCTCGGC,CROPseq_dCas9_DS_CCNE2_-_95907017.23-P1P2,136
TAP2-GACGTTACATATGCTG,CROPseq_dCas9_DS_CCNE2_-_95907017.23-P1P2,40
TAP2-GACTAACCATCAGTAC,CROPseq_dCas9_DS_CCNE2_-_95907017.23-P1P2,58
TAP2-GCCTCTAGTACATCCA,CROPseq_dCas9_DS_CCNE2_-_95907017.23-P1P2,67
TAP2-GCGCGATAGCAGACTG,CROPseq_dCas9_DS_CCNE2_-_95907017.23-P1P2,32
TAP2-GCGCGATAGTTGTAGA,CROPseq_dCas9_DS_CCNE2_-_95907017.23-P1P2,205
TAP2-GCTCTGTGTCCGAACC,CROPseq_dCas9_DS_CCNE2_-_95907017.23-P1P2,59
TAP2-GGAATAATCTGACCTC,CROPseq_dCas9_DS_CCNE2_-_95907017.23-P1P2,62
TAP2-GGACAAGGTGCAGTAG,CROPseq_dCas9_DS_CCNE2_-_95907017.23-P1P2,78
TAP2-GGCAATTCATGGTAGG,CROPseq_dCas9_DS_CCNE2_-_95907017.23-P1P2,110
TAP2-GGCGACTAGCTAAGAT,CROPseq_dCas9_DS_CCNE2_-_95907017.23-P1P2,16
TAP2-GGGACCTAGGCAATTA,CROPseq_dCas9_DS_CCNE2_-_95907017.23-P1P2,147
TAP2-GGGCATCTCTCTGTCG,CROPseq_dCas9_DS_CCNE2_-_95907017.23-P1P2,75
TAP2-GGTATTGCAATCTGCA,CROPseq_dCas9_DS_CCNE2_-_95907017.23-P1P2,125
TAP2-GTACGTATCCGCAGTG,CROPseq_dCas9_DS_CCNE2_-_95907017.23-P1P2,82
TAP2-GTACTTTTCCGCAGTG,CROPseq_dCas9_DS_CCNE2_-_95907017.23-P1P2,170
TAP2-GTAGGCCTCACAAACC,CROPseq_dCas9_DS_CCNE2_-_95907017.23-P1P2,179
TAP2-GTCAAGTTCCACTCCA,CROPseq_dCas9_DS_CCNE2_-_95907017.23-P1P2,63
TAP2-GTCACGGAGAGGTACC,CROPseq_dCas9_DS_CCNE2_-_95907017.23-P1P2,64
TAP2-GTCTTCGGTGCTAGCC,CROPseq_dCas9_DS_CCNE2_-_95907017.23-P1P2,61
TAP2-GTGAAGGAGTTGAGTA,CROPseq_dCas9_DS_CCNE2_-_95907017.23-P1P2,23
TAP2-GTGCTTCTCAGCTCTC,CROPseq_dCas9_DS_CCNE2_-_95907017.23-P1P2,78
TAP2-GTTAAGCTCACGGTTA,CROPseq_dCas9_DS_CCNE2_-_95907017.23-P1P2,27
TAP2-GTTCATTCACGCTTTC,CROPseq_dCas9_DS_CCNE2_-_95907017.23-P1P2,9
TAP2-GTTCGGGTCCTTGCCA,CROPseq_dCas9_DS_CCNE2_-_95907017.23-P1P2,68
TAP2-TAAGCGTAGTCGAGTG,CROPseq_dCas9_DS_CCNE2_-_95907017.23-P1P2,78
TAP2-TACAGTGAGCTTCGCG,CROPseq_dCas9_DS_CCNE2_-_95907017.23-P1P2,171
TAP2-TACAGTGCATGAACCT,CROPseq_dCas9_DS_CCNE2_-_95907017.23-P1P2,40
TAP2-TACAGTGCATTGGTAC,CROPseq_dCas9_DS_CCNE2_-_95907017.23-P1P2,61
TAP2-TACTCATAGACTAGAT,CROPseq_dCas9_DS_CCNE2_-_95907017.23-P1P2,153
TAP2-TACTCGCGTAATTGGA,CROPseq_dCas9_DS_CCNE2_-_95907017.23-P1P2,73
TAP2-TAGAGCTCAGCCAGAA,CROPseq_dCas9_DS_CCNE2_-_95907017.23-P1P2,145
TAP2-TAGTGGTTCCCAAGTA,CROPseq_dCas9_DS_CCNE2_-_95907017.23-P1P2,84
TAP2-TAGTTGGCATGCCTTC,CROPseq_dCas9_DS_CCNE2_-_95907017.23-P1P2,106
TAP2-TCAATCTCAACGATCT,CROPseq_dCas9_DS_CCNE2_-_95907017.23-P1P2,71
TAP2-TCACAAGCACAAGACG,CROPseq_dCas9_DS_CCNE2_-_95907017.23-P1P2,50
TAP2-TCACAAGTCTGTACGA,CROPseq_dCas9_DS_CCNE2_-_95907017.23-P1P2,74
TAP2-TCAGATGGTCATACTG,CROPseq_dCas9_DS_CCNE2_-_95907017.23-P1P2,147
TAP2-TCAGCAAAGGCCGAAT,CROPseq_dCas9_DS_CCNE2_-_95907017.23-P1P2,73
TAP2-TCGAGGCCAGGGAGAG,CROPseq_dCas9_DS_CCNE2_-_95907017.23-P1P2,97
TAP2-TCGAGGCCAGTACACT,CROPseq_dCas9_DS_CCNE2_-_95907017.23-P1P2,69
TAP2-TCGCGAGTCTAACCGA,CROPseq_dCas9_DS_CCNE2_-_95907017.23-P1P2,121
TAP2-TCGGTAATCAAACAAG,CROPseq_dCas9_DS_CCNE2_-_95907017.23-P1P2,41
TAP2-TCTATTGGTTCGGGCT,CROPseq_dCas9_DS_CCNE2_-_95907017.23-P1P2,138
TAP2-TCTCTAAGTTCCCGAG,CROPseq_dCas9_DS_CCNE2_-_95907017.23-P1P2,118
TAP2-TCTGGAACATCCCATC,CROPseq_dCas9_DS_CCNE2_-_95907017.23-P1P2,24
TAP2-TGAAAGATCGATAGAA,CROPseq_dCas9_DS_CCNE2_-_95907017.23-P1P2,45
TAP2-TGACTTTAGTGTTAGA,CROPseq_dCas9_DS_CCNE2_-_95907017.23-P1P2,74
TAP2-TGCACCTAGATAGTCA,CROPseq_dCas9_DS_CCNE2_-_95907017.23-P1P2,52
TAP2-TGCACCTTCAGGCGAA,CROPseq_dCas9_DS_CCNE2_-_95907017.23-P1P2,51
TAP2-TGCCAAAAGTAACCCT,CROPseq_dCas9_DS_CCNE2_-_95907017.23-P1P2,59
TAP2-TGCTACCTCTCAAGTG,CROPseq_dCas9_DS_CCNE2_-_95907017.23-P1P2,30
TAP2-TGGCGCAGTAGAAAGG,CROPseq_dCas9_DS_CCNE2_-_95907017.23-P1P2,101
TAP2-TGGCGCATCAGGTAAA,CROPseq_dCas9_DS_CCNE2_-_95907017.23-P1P2,69
TAP2-TGGTTAGTCGGATGTT,CROPseq_dCas9_DS_CCNE2_-_95907017.23-P1P2,57
TAP2-TGTCCCACAATAGAGT,CROPseq_dCas9_DS_CCNE2_-_95907017.23-P1P2,70
TAP2-TGTGGTATCACCCTCA,CROPseq_dCas9_DS_CCNE2_-_95907017.23-P1P2,38
TAP2-TTATGCTGTATATCCG,CROPseq_dCas9_DS_CCNE2_-_95907017.23-P1P2,60
TAP2-TTCCCAGAGTGGCACA,CROPseq_dCas9_DS_CCNE2_-_95907017.23-P1P2,77
TAP2-TTGCCGTTCGAATGCT,CROPseq_dCas9_DS_CCNE2_-_95907017.23-P1P2,115
TAP2-TTGGAACTCATGTCTT,CROPseq_dCas9_DS_CCNE2_-_95907017.23-P1P2,69
TAP2-TTGTAGGAGAGGTAGA,CROPseq_dCas9_DS_CCNE2_-_95907017.23-P1P2,130
TAP2-TTTGTCAAGGAGTAGA,CROPseq_dCas9_DS_CCNE2_-_95907017.23-P1P2,164
TAP1-AAACCTGAGGCGTACA,CROPseq_dCas9_DS_CPQ_+_97657557.23-P1P2,26
TAP1-AACACGTCACTTGGAT,CROPseq_dCas9_DS_CPQ_+_97657557.23-P1P2,56
TAP1-AACCGCGTCGAATGGG,CROPseq_dCas9_DS_CPQ_+_97657557.23-P1P2,80
TAP1-AACGTTGGTTGCTCCT,CROPseq_dCas9_DS_CPQ_+_97657557.23-P1P2,35
TAP1-AACTCAGAGAGATGAG,CROPseq_dCas9_DS_CPQ_+_97657557.23-P1P2,41
TAP1-AACTCCCGTCCAGTTA,CROPseq_dCas9_DS_CPQ_+_97657557.23-P1P2,39
TAP1-AACTCTTTCCGATATG,CROPseq_dCas9_DS_CPQ_+_97657557.23-P1P2,33
TAP1-AAGACCTGTATCGCAT,CROPseq_dCas9_DS_CPQ_+_97657557.23-P1P2,47
TAP1-AAGCCGCTCGATCCCT,CROPseq_dCas9_DS_CPQ_+_97657557.23-P1P2,103
TAP1-AAGTCTGAGAGGACGG,CROPseq_dCas9_DS_CPQ_+_97657557.23-P1P2,98
TAP1-AAGTCTGTCCGAACGC,CROPseq_dCas9_DS_CPQ_+_97657557.23-P1P2,38
TAP1-ACACCGGGTGTTCTTT,CROPseq_dCas9_DS_CPQ_+_97657557.23-P1P2,57
TAP1-ACACTGATCCTTCAAT,CROPseq_dCas9_DS_CPQ_+_97657557.23-P1P2,33
TAP1-ACGCAGCAGAGGGATA,CROPseq_dCas9_DS_CPQ_+_97657557.23-P1P2,85
TAP1-ACGCAGCTCTGAGGGA,CROPseq_dCas9_DS_CPQ_+_97657557.23-P1P2,52
TAP1-ACTATCTAGCTACCGC,CROPseq_dCas9_DS_CPQ_+_97657557.23-P1P2,112
TAP1-ACTTGTTAGAGCCTAG,CROPseq_dCas9_DS_CPQ_+_97657557.23-P1P2,45
TAP1-ACTTGTTTCACAATGC,CROPseq_dCas9_DS_CPQ_+_97657557.23-P1P2,59
TAP1-ACTTTCATCAGCAACT,CROPseq_dCas9_DS_CPQ_+_97657557.23-P1P2,34
TAP1-AGAGCTTCAGATGAGC,CROPseq_dCas9_DS_CPQ_+_97657557.23-P1P2,52
TAP1-AGATCTGGTAAGGATT,CROPseq_dCas9_DS_CPQ_+_97657557.23-P1P2,77
TAP1-AGCTCTCAGGTGACCA,CROPseq_dCas9_DS_CPQ_+_97657557.23-P1P2,104
TAP1-AGGGATGTCTGGTATG,CROPseq_dCas9_DS_CPQ_+_97657557.23-P1P2,100
TAP1-AGGGTGAGTTGTCTTT,CROPseq_dCas9_DS_CPQ_+_97657557.23-P1P2,57
TAP1-AGGTCCGTCACATACG,CROPseq_dCas9_DS_CPQ_+_97657557.23-P1P2,63
TAP1-AGTGAGGCATAGTAAG,CROPseq_dCas9_DS_CPQ_+_97657557.23-P1P2,8
TAP1-ATAAGAGCAACCGCCA,CROPseq_dCas9_DS_CPQ_+_97657557.23-P1P2,56
TAP1-ATCTACTGTACTCTCC,CROPseq_dCas9_DS_CPQ_+_97657557.23-P1P2,57
TAP1-ATCTGCCGTAAGTGTA,CROPseq_dCas9_DS_CPQ_+_97657557.23-P1P2,46
TAP1-ATGTGTGTCATTGCGA,CROPseq_dCas9_DS_CPQ_+_97657557.23-P1P2,60
TAP1-ATTGGACAGCACCGCT,CROPseq_dCas9_DS_CPQ_+_97657557.23-P1P2,130
TAP1-CAAGATCCATCGATGT,CROPseq_dCas9_DS_CPQ_+_97657557.23-P1P2,57
TAP1-CACACCTTCGGACAAG,CROPseq_dCas9_DS_CPQ_+_97657557.23-P1P2,13
TAP1-CACATAGAGCTGAACG,CROPseq_dCas9_DS_CPQ_+_97657557.23-P1P2,62
TAP1-CAGCAGCTCAAACAAG,CROPseq_dCas9_DS_CPQ_+_97657557.23-P1P2,45
TAP1-CAGCAGCTCCCAAGAT,CROPseq_dCas9_DS_CPQ_+_97657557.23-P1P2,72
TAP1-CAGCATAAGTTTGCGT,CROPseq_dCas9_DS_CPQ_+_97657557.23-P1P2,51
TAP1-CAGCGACCACGGTAAG,CROPseq_dCas9_DS_CPQ_+_97657557.23-P1P2,52
TAP1-CAGCGACTCCACTGGG,CROPseq_dCas9_DS_CPQ_+_97657557.23-P1P2,81
TAP1-CAGGTGCCAAGCCATT,CROPseq_dCas9_DS_CPQ_+_97657557.23-P1P2,59
TAP1-CAGTAACCACAAGTAA,CROPseq_dCas9_DS_CPQ_+_97657557.23-P1P2,59
TAP1-CATCAGACACTAAGTC,CROPseq_dCas9_DS_CPQ_+_97657557.23-P1P2,46
TAP1-CATTATCAGAAACCTA,CROPseq_dCas9_DS_CPQ_+_97657557.23-P1P2,51
TAP1-CCGGGATCACTTAACG,CROPseq_dCas9_DS_CPQ_+_97657557.23-P1P2,30
TAP1-CCTTACGGTCTTGATG,CROPseq_dCas9_DS_CPQ_+_97657557.23-P1P2,66
TAP1-CCTTCCCGTATATGAG,CROPseq_dCas9_DS_CPQ_+_97657557.23-P1P2,51
TAP1-CGAATGTAGAATTCCC,CROPseq_dCas9_DS_CPQ_+_97657557.23-P1P2,23
TAP1-CGACCTTGTCTACCTC,CROPseq_dCas9_DS_CPQ_+_97657557.23-P1P2,101
TAP1-CGAGAAGCAAGTACCT,CROPseq_dCas9_DS_CPQ_+_97657557.23-P1P2,29
TAP1-CGAGAAGGTAGCAAAT,CROPseq_dCas9_DS_CPQ_+_97657557.23-P1P2,28
TAP1-CGAGCACAGCTTATCG,CROPseq_dCas9_DS_CPQ_+_97657557.23-P1P2,25
TAP1-CGAGCCATCAGATAAG,CROPseq_dCas9_DS_CPQ_+_97657557.23-P1P2,12
TAP1-CGATGTATCCAAGCCG,CROPseq_dCas9_DS_CPQ_+_97657557.23-P1P2,44
TAP1-CGCTATCAGACACTAA,CROPseq_dCas9_DS_CPQ_+_97657557.23-P1P2,29
TAP1-CGCTATCAGTGAAGTT,CROPseq_dCas9_DS_CPQ_+_97657557.23-P1P2,37
TAP1-CGCTTCAGTTCTGGTA,CROPseq_dCas9_DS_CPQ_+_97657557.23-P1P2,47
TAP1-CGGGTCATCGCGCCAA,CROPseq_dCas9_DS_CPQ_+_97657557.23-P1P2,18
TAP1-CGGTTAAGTTAAAGTG,CROPseq_dCas9_DS_CPQ_+_97657557.23-P1P2,39
TAP1-CGGTTAAGTTCAGGCC,CROPseq_dCas9_DS_CPQ_+_97657557.23-P1P2,57
TAP1-CGTAGCGGTTGTCTTT,CROPseq_dCas9_DS_CPQ_+_97657557.23-P1P2,46
TAP1-CGTCCATGTTCGTTGA,CROPseq_dCas9_DS_CPQ_+_97657557.23-P1P2,91
TAP1-CGTTCTGTCGCGTAGC,CROPseq_dCas9_DS_CPQ_+_97657557.23-P1P2,21
TAP1-CTCGAAAAGCATCATC,CROPseq_dCas9_DS_CPQ_+_97657557.23-P1P2,67
TAP1-CTCGGGAGTGTAAGTA,CROPseq_dCas9_DS_CPQ_+_97657557.23-P1P2,64
TAP1-CTCTAATAGCGATGAC,CROPseq_dCas9_DS_CPQ_+_97657557.23-P1P2,12
TAP1-CTGAAACCAATGGAAT,CROPseq_dCas9_DS_CPQ_+_97657557.23-P1P2,42
TAP1-CTGCTGTGTTGGTAAA,CROPseq_dCas9_DS_CPQ_+_97657557.23-P1P2,48
TAP1-CTTAGGACAGGGATTG,CROPseq_dCas9_DS_CPQ_+_97657557.23-P1P2,31
TAP1-GAAACTCAGAGCCCAA,CROPseq_dCas9_DS_CPQ_+_97657557.23-P1P2,59
TAP1-GAATGAAAGACCTAGG,CROPseq_dCas9_DS_CPQ_+_97657557.23-P1P2,82
TAP1-GCCTCTAGTCACACGC,CROPseq_dCas9_DS_CPQ_+_97657557.23-P1P2,44
TAP1-GCGCAGTAGTCTTGCA,CROPseq_dCas9_DS_CPQ_+_97657557.23-P1P2,103
TAP1-GCTGCGACATCCGGGT,CROPseq_dCas9_DS_CPQ_+_97657557.23-P1P2,56
TAP1-GCTGCTTGTCTGCGGT,CROPseq_dCas9_DS_CPQ_+_97657557.23-P1P2,35
TAP1-GGAACTTCATCGATTG,CROPseq_dCas9_DS_CPQ_+_97657557.23-P1P2,28
TAP1-GGAACTTGTTCGTGAT,CROPseq_dCas9_DS_CPQ_+_97657557.23-P1P2,27
TAP1-GGATGTTAGGCAGTCA,CROPseq_dCas9_DS_CPQ_+_97657557.23-P1P2,74
TAP1-GGGCACTAGTGGTCCC,CROPseq_dCas9_DS_CPQ_+_97657557.23-P1P2,38
TAP1-GGGTTGCTCGAATCCA,CROPseq_dCas9_DS_CPQ_+_97657557.23-P1P2,39
TAP1-GTAACGTAGGACAGCT,CROPseq_dCas9_DS_CPQ_+_97657557.23-P1P2,27
TAP1-GTATCTTGTAAGAGGA,CROPseq_dCas9_DS_CPQ_+_97657557.23-P1P2,55
TAP1-GTATTCTCATACGCCG,CROPseq_dCas9_DS_CPQ_+_97657557.23-P1P2,40
TAP1-GTCCTCAAGCGAAGGG,CROPseq_dCas9_DS_CPQ_+_97657557.23-P1P2,53
TAP1-TACACGACACGTGAGA,CROPseq_dCas9_DS_CPQ_+_97657557.23-P1P2,58
TAP1-TACCTATGTTCAACCA,CROPseq_dCas9_DS_CPQ_+_97657557.23-P1P2,41
TAP1-TCACAAGAGGAGTTTA,CROPseq_dCas9_DS_CPQ_+_97657557.23-P1P2,55
TAP1-TCAGATGCATCGATTG,CROPseq_dCas9_DS_CPQ_+_97657557.23-P1P2,55
TAP1-TCGCGTTTCAGCATGT,CROPseq_dCas9_DS_CPQ_+_97657557.23-P1P2,38
TAP1-TGAGCCGCAGACTCGC,CROPseq_dCas9_DS_CPQ_+_97657557.23-P1P2,54
TAP1-TGCCCTAAGCTCAACT,CROPseq_dCas9_DS_CPQ_+_97657557.23-P1P2,62
TAP1-TGCGCAGCAATCCAAC,CROPseq_dCas9_DS_CPQ_+_97657557.23-P1P2,38
TAP1-TGCGGGTAGGCTCAGA,CROPseq_dCas9_DS_CPQ_+_97657557.23-P1P2,41
TAP1-TGCGTGGGTCCGAATT,CROPseq_dCas9_DS_CPQ_+_97657557.23-P1P2,55
TAP1-TGCTGCTGTGTTGGGA,CROPseq_dCas9_DS_CPQ_+_97657557.23-P1P2,12
TAP1-TGCTGCTGTTGTACAC,CROPseq_dCas9_DS_CPQ_+_97657557.23-P1P2,15
TAP1-TGGCGCAAGACCCACC,CROPseq_dCas9_DS_CPQ_+_97657557.23-P1P2,27
TAP1-TGTATTCTCGTCTGAA,CROPseq_dCas9_DS_CPQ_+_97657557.23-P1P2,27
TAP1-TGTCCCAGTACCATCA,CROPseq_dCas9_DS_CPQ_+_97657557.23-P1P2,65
TAP1-TGTGGTATCCTCTAGC,CROPseq_dCas9_DS_CPQ_+_97657557.23-P1P2,21
TAP1-TTCGAAGGTCCGAACC,CROPseq_dCas9_DS_CPQ_+_97657557.23-P1P2,18
TAP1-TTGCGTCAGTTCGATC,CROPseq_dCas9_DS_CPQ_+_97657557.23-P1P2,38
TAP1-TTGTAGGGTAACGTTC,CROPseq_dCas9_DS_CPQ_+_97657557.23-P1P2,46
TAP2-AAATGCCCAAGCCGTC,CROPseq_dCas9_DS_CPQ_+_97657557.23-P1P2,174
TAP2-AAATGCCCAGCTCCGA,CROPseq_dCas9_DS_CPQ_+_97657557.23-P1P2,179
TAP2-AAGGAGCCAACCGCCA,CROPseq_dCas9_DS_CPQ_+_97657557.23-P1P2,64
TAP2-ACACCAAGTCATGCCG,CROPseq_dCas9_DS_CPQ_+_97657557.23-P1P2,28
TAP2-ACACCAATCGTGGTCG,CROPseq_dCas9_DS_CPQ_+_97657557.23-P1P2,68
TAP2-ACATGGTCATGCCTTC,CROPseq_dCas9_DS_CPQ_+_97657557.23-P1P2,99
TAP2-ACCAGTAGTGCGGTAA,CROPseq_dCas9_DS_CPQ_+_97657557.23-P1P2,115
TAP2-ACCCACTCACATCCAA,CROPseq_dCas9_DS_CPQ_+_97657557.23-P1P2,46
TAP2-ACTGCTCCACAGGAGT,CROPseq_dCas9_DS_CPQ_+_97657557.23-P1P2,87
TAP2-AGCAGCCGTTGTGGCC,CROPseq_dCas9_DS_CPQ_+_97657557.23-P1P2,96
TAP2-AGCTCCTAGTCGCCGT,CROPseq_dCas9_DS_CPQ_+_97657557.23-P1P2,120
TAP2-AGCTCTCCACGGTGTC,CROPseq_dCas9_DS_CPQ_+_97657557.23-P1P2,98
TAP2-AGGCCGTGTTGGAGGT,CROPseq_dCas9_DS_CPQ_+_97657557.23-P1P2,197
TAP2-AGTAGTCTCAAGGTAA,CROPseq_dCas9_DS_CPQ_+_97657557.23-P1P2,45
TAP2-AGTGGGATCAGCGATT,CROPseq_dCas9_DS_CPQ_+_97657557.23-P1P2,63
TAP2-ATAACGCAGAGTGAGA,CROPseq_dCas9_DS_CPQ_+_97657557.23-P1P2,31
TAP2-ATAGACCTCCTCGCAT,CROPseq_dCas9_DS_CPQ_+_97657557.23-P1P2,116
TAP2-ATGTGTGCAGATGAGC,CROPseq_dCas9_DS_CPQ_+_97657557.23-P1P2,60
TAP2-ATTATCCCACCGATAT,CROPseq_dCas9_DS_CPQ_+_97657557.23-P1P2,29
TAP2-ATTGGTGTCGCGATCG,CROPseq_dCas9_DS_CPQ_+_97657557.23-P1P2,74
TAP2-CAAGGCCCAATGACCT,CROPseq_dCas9_DS_CPQ_+_97657557.23-P1P2,193
TAP2-CACACTCCAAGTAGTA,CROPseq_dCas9_DS_CPQ_+_97657557.23-P1P2,86
TAP2-CACCACTAGTTAGCGG,CROPseq_dCas9_DS_CPQ_+_97657557.23-P1P2,53
TAP2-CACCACTCATCCGGGT,CROPseq_dCas9_DS_CPQ_+_97657557.23-P1P2,118
TAP2-CACCACTGTCCGTGAC,CROPseq_dCas9_DS_CPQ_+_97657557.23-P1P2,97
TAP2-CACTCCACAGATCTGT,CROPseq_dCas9_DS_CPQ_+_97657557.23-P1P2,94
TAP2-CAGGTGCGTCTGCAAT,CROPseq_dCas9_DS_CPQ_+_97657557.23-P1P2,32
TAP2-CATCAGACAACACCTA,CROPseq_dCas9_DS_CPQ_+_97657557.23-P1P2,102
TAP2-CATCGAACACGGTAGA,CROPseq_dCas9_DS_CPQ_+_97657557.23-P1P2,52
TAP2-CATGACAGTCAGAGGT,CROPseq_dCas9_DS_CPQ_+_97657557.23-P1P2,110
TAP2-CCAGCGAAGAAGGTGA,CROPseq_dCas9_DS_CPQ_+_97657557.23-P1P2,65
TAP2-CCGGGATTCAGAAATG,CROPseq_dCas9_DS_CPQ_+_97657557.23-P1P2,39
TAP2-CGAATGTTCGCGTAGC,CROPseq_dCas9_DS_CPQ_+_97657557.23-P1P2,163
TAP2-CGAGAAGGTTTGGGCC,CROPseq_dCas9_DS_CPQ_+_97657557.23-P1P2,31
TAP2-CGATGTAAGTAGTGCG,CROPseq_dCas9_DS_CPQ_+_97657557.23-P1P2,63
TAP2-CGATTGAGTTCACGGC,CROPseq_dCas9_DS_CPQ_+_97657557.23-P1P2,16
TAP2-CGCTGGAAGTGGTAGC,CROPseq_dCas9_DS_CPQ_+_97657557.23-P1P2,53
TAP2-CGTAGCGAGTGGGATC,CROPseq_dCas9_DS_CPQ_+_97657557.23-P1P2,79
TAP2-CGTAGCGTCAGCGACC,CROPseq_dCas9_DS_CPQ_+_97657557.23-P1P2,130
TAP2-CGTCCATTCGGTGTCG,CROPseq_dCas9_DS_CPQ_+_97657557.23-P1P2,45
TAP2-CGTCTACCAGTGGGAT,CROPseq_dCas9_DS_CPQ_+_97657557.23-P1P2,93
TAP2-CGTTAGATCTACCTGC,CROPseq_dCas9_DS_CPQ_+_97657557.23-P1P2,58
TAP2-CGTTGGGTCCGCGCAA,CROPseq_dCas9_DS_CPQ_+_97657557.23-P1P2,136
TAP2-CTGAAACCAATGTAAG,CROPseq_dCas9_DS_CPQ_+_97657557.23-P1P2,113
TAP2-CTGATAGTCCAAGTAC,CROPseq_dCas9_DS_CPQ_+_97657557.23-P1P2,40
TAP2-CTGCCTATCTACTCAT,CROPseq_dCas9_DS_CPQ_+_97657557.23-P1P2,92
TAP2-CTGCTGTCATGCTAGT,CROPseq_dCas9_DS_CPQ_+_97657557.23-P1P2,57
TAP2-CTGTGCTTCTTGTATC,CROPseq_dCas9_DS_CPQ_+_97657557.23-P1P2,36
TAP2-CTTGGCTTCAGTACGT,CROPseq_dCas9_DS_CPQ_+_97657557.23-P1P2,69
TAP2-GAACGGATCATTGCGA,CROPseq_dCas9_DS_CPQ_+_97657557.23-P1P2,119
TAP2-GAAGCAGCAGACGCTC,CROPseq_dCas9_DS_CPQ_+_97657557.23-P1P2,42
TAP2-GACAGAGGTGGCTCCA,CROPseq_dCas9_DS_CPQ_+_97657557.23-P1P2,110
TAP2-GACCAATGTCTGCCAG,CROPseq_dCas9_DS_CPQ_+_97657557.23-P1P2,117
TAP2-GACGCGTAGATGCGAC,CROPseq_dCas9_DS_CPQ_+_97657557.23-P1P2,156
TAP2-GACGCGTAGCCAGAAC,CROPseq_dCas9_DS_CPQ_+_97657557.23-P1P2,37
TAP2-GACGTTATCCAGAGGA,CROPseq_dCas9_DS_CPQ_+_97657557.23-P1P2,214
TAP2-GATCGATAGGTCATCT,CROPseq_dCas9_DS_CPQ_+_97657557.23-P1P2,151
TAP2-GATGAAAAGTTAGCGG,CROPseq_dCas9_DS_CPQ_+_97657557.23-P1P2,43
TAP2-GCAGTTAGTAGCACGA,CROPseq_dCas9_DS_CPQ_+_97657557.23-P1P2,50
TAP2-GCTCCTAGTAGAGGAA,CROPseq_dCas9_DS_CPQ_+_97657557.23-P1P2,129
TAP2-GCTCCTAGTGTCCTCT,CROPseq_dCas9_DS_CPQ_+_97657557.23-P1P2,114
TAP2-GCTGCTTGTATGAATG,CROPseq_dCas9_DS_CPQ_+_97657557.23-P1P2,44
TAP2-GGAATAACACCTCGGA,CROPseq_dCas9_DS_CPQ_+_97657557.23-P1P2,36
TAP2-GGATGTTAGTCATCCA,CROPseq_dCas9_DS_CPQ_+_97657557.23-P1P2,87
TAP2-GGATTACTCTGTCCGT,CROPseq_dCas9_DS_CPQ_+_97657557.23-P1P2,51
TAP2-GGCTGGTAGACACGAC,CROPseq_dCas9_DS_CPQ_+_97657557.23-P1P2,35
TAP2-GGGAATGGTTAGAACA,CROPseq_dCas9_DS_CPQ_+_97657557.23-P1P2,66
TAP2-GGGAATGTCGGAATCT,CROPseq_dCas9_DS_CPQ_+_97657557.23-P1P2,76
TAP2-GGGTCTGAGTTCGATC,CROPseq_dCas9_DS_CPQ_+_97657557.23-P1P2,101
TAP2-GTCACAATCCCGACTT,CROPseq_dCas9_DS_CPQ_+_97657557.23-P1P2,75
TAP2-GTCACGGTCGCCTGAG,CROPseq_dCas9_DS_CPQ_+_97657557.23-P1P2,89
TAP2-GTCATTTCAGACAAAT,CROPseq_dCas9_DS_CPQ_+_97657557.23-P1P2,53
TAP2-GTCTCGTCAGGACGTA,CROPseq_dCas9_DS_CPQ_+_97657557.23-P1P2,114
TAP2-GTTCTCGCATCCTTGC,CROPseq_dCas9_DS_CPQ_+_97657557.23-P1P2,38
TAP2-TACGGTACATTGGCGC,CROPseq_dCas9_DS_CPQ_+_97657557.23-P1P2,88
TAP2-TACTCATTCTGTCAAG,CROPseq_dCas9_DS_CPQ_+_97657557.23-P1P2,43
TAP2-TACTCGCCACTTACGA,CROPseq_dCas9_DS_CPQ_+_97657557.23-P1P2,138
TAP2-TAGCCGGGTCAACTGT,CROPseq_dCas9_DS_CPQ_+_97657557.23-P1P2,28
TAP2-TATCTCATCGAATGCT,CROPseq_dCas9_DS_CPQ_+_97657557.23-P1P2,36
TAP2-TCACGAAGTTGTGGCC,CROPseq_dCas9_DS_CPQ_+_97657557.23-P1P2,35
TAP2-TCAGATGTCAACGGCC,CROPseq_dCas9_DS_CPQ_+_97657557.23-P1P2,89
TAP2-TCATTACCACCAACCG,CROPseq_dCas9_DS_CPQ_+_97657557.23-P1P2,129
TAP2-TGACTTTTCATATCGG,CROPseq_dCas9_DS_CPQ_+_97657557.23-P1P2,58
TAP2-TGAGCATAGATCTGAA,CROPseq_dCas9_DS_CPQ_+_97657557.23-P1P2,89
TAP2-TGAGGGATCCAGGGCT,CROPseq_dCas9_DS_CPQ_+_97657557.23-P1P2,131
TAP2-TGCCCATCACACATGT,CROPseq_dCas9_DS_CPQ_+_97657557.23-P1P2,133
TAP2-TGGCTGGCAAGGTTTC,CROPseq_dCas9_DS_CPQ_+_97657557.23-P1P2,90
TAP2-TGTCCCAAGTAACCCT,CROPseq_dCas9_DS_CPQ_+_97657557.23-P1P2,105
TAP2-TGTTCCGCACAGGCCT,CROPseq_dCas9_DS_CPQ_+_97657557.23-P1P2,100
TAP2-TTAGGCATCAGCTTAG,CROPseq_dCas9_DS_CPQ_+_97657557.23-P1P2,27
TAP2-TTCTCAAAGCCGATTT,CROPseq_dCas9_DS_CPQ_+_97657557.23-P1P2,100
TAP2-TTGAACGTCACATACG,CROPseq_dCas9_DS_CPQ_+_97657557.23-P1P2,67
TAP2-TTGGAACAGTCCCACG,CROPseq_dCas9_DS_CPQ_+_97657557.23-P1P2,63
TAP2-TTTATGCTCTTGACGA,CROPseq_dCas9_DS_CPQ_+_97657557.23-P1P2,116
